;id;name;primary_attr;attack_type;roles;img;icon;base_health;base_health_regen;base_mana;base_mana_regen;base_armor;base_mr;base_attack_min;base_attack_max;base_str;base_agi;base_int;str_gain;agi_gain;int_gain;attack_range;projectile_speed;attack_rate;base_attack_time;attack_point;move_speed;turn_rate;cm_enabled;legs;day_vision;night_vision;localized_name;1_pick;1_win;2_pick;2_win;3_pick;3_win;4_pick;4_win;5_pick;5_win;6_pick;6_win;7_pick;7_win;8_pick;8_win;turbo_picks;turbo_picks_trend;turbo_wins;turbo_wins_trend;pro_pick;pro_win;pro_ban;pub_pick;pub_pick_trend;pub_win;pub_win_trend;pos1_pick;pos1_win;pos2_pick;pos2_win;pos3_pick;pos3_win;pos4_pick;pos4_win;pos5_pick;pos5_win
0;1;npc_dota_hero_antimage;agi;Melee;['Carry', 'Escape', 'Nuker'];/apps/dota2/images/dota_react/heroes/antimage.png?;/apps/dota2/images/dota_react/heroes/icons/antimage.png?;120;1;75;0;1;25;29;33;19;24;12;1.6;2.8;1.8;150;0;1.4;100;0.3;310;;True;2;1800;800;Anti-Mage;22055;10680;68112;33341;97828;48547;101028;49834;74611;36702;43837;21466;23316;11483;10558;4987;218194;[35889, 31468, 31361, 31083, 31333, 31989, 25071];110176;[18136, 15654, 15743, 15667, 16005, 16209, 12762];173;84;419;480961;[80073, 68868, 68004, 67537, 68724, 70073, 57682];236165;[39394, 33713, 33323, 32985, 33847, 34481, 28422];0.926;0.489;0.031;0.521;0.023;0.458;0.007;0.374;0.013;0.363
1;2;npc_dota_hero_axe;str;Melee;['Initiator', 'Durable', 'Disabler', 'Carry'];/apps/dota2/images/dota_react/heroes/axe.png?;/apps/dota2/images/dota_react/heroes/icons/axe.png?;120;2.5;75;0;0;25;30;34;25;20;18;2.8;1.7;1.6;150;900;1.7;100;0.4;315;;True;2;1800;800;Axe;31426;17473;96892;53196;142199;76754;152781;81324;118937;62782;71633;37557;41195;21525;19245;10058;269793;[45853, 38880, 37818, 37948, 37619, 39532, 32143];146124;[24918, 21309, 20720, 20593, 20232, 21168, 17184];465;201;597;724978;[123428, 104310, 102755, 102171, 100232, 104268, 87814];387974;[66213, 56260, 55698, 55106, 53181, 55264, 46252];0.015;0.485;0.025;0.538;0.929;0.528;0.024;0.466;0.007;0.465
2;3;npc_dota_hero_bane;all;Ranged;['Support', 'Disabler', 'Nuker', 'Durable'];/apps/dota2/images/dota_react/heroes/bane.png?;/apps/dota2/images/dota_react/heroes/icons/bane.png?;120;0.25;75;0;1;25;-1;5;23;23;23;2.7;2.7;2.7;400;900;1.7;100;0.3;305;;True;4;1800;1200;Bane;5404;2477;15541;7600;22165;10711;22809;11313;17784;9001;10926;5597;6231;3296;3716;1938;85742;[15357, 12716, 12254, 11933, 11694, 11944, 9844];41185;[7479, 6037, 5830, 5727, 5622, 5750, 4740];130;74;79;117577;[20371, 16870, 16701, 16093, 16760, 16927, 13855];58269;[10041, 8499, 8239, 7966, 8300, 8470, 6754];0.005;0.333;0.139;0.524;0.02;0.483;0.345;0.502;0.491;0.481
3;4;npc_dota_hero_bloodseeker;agi;Melee;['Carry', 'Disabler', 'Nuker', 'Initiator'];/apps/dota2/images/dota_react/heroes/bloodseeker.png?;/apps/dota2/images/dota_react/heroes/icons/bloodseeker.png?;120;0.25;75;0;2;25;35;41;24;24;17;2.7;3.1;2;150;900;1.7;100;0.43;285;;True;2;1800;800;Bloodseeker;12347;6140;27866;14276;34540;18059;33263;17294;25823;13666;15957;8315;9608;4991;4369;2190;108064;[18698, 16045, 15301, 15201, 14906, 15533, 12380];53715;[9352, 7909, 7608, 7540, 7334, 7782, 6190];100;53;110;191894;[33909, 27953, 26505, 25938, 25886, 27388, 24315];98998;[17575, 14350, 13629, 13368, 13452, 13841, 12783];0.578;0.51;0.213;0.55;0.156;0.513;0.03;0.458;0.023;0.422
4;5;npc_dota_hero_crystal_maiden;int;Ranged;['Support', 'Disabler', 'Nuker'];/apps/dota2/images/dota_react/heroes/crystal_maiden.png?;/apps/dota2/images/dota_react/heroes/icons/crystal_maiden.png?;120;0.25;75;0;0;25;30;36;17;16;18;2.2;1.6;3.3;600;900;1.7;100;0.45;280;;True;2;1800;800;Crystal Maiden;26423;13692;71635;37012;96838;48964;98873;49285;75691;37355;45870;22523;26046;12757;13549;6559;240114;[41933, 34538, 33935, 33128, 33246, 34892, 28442];123106;[21432, 17647, 17392, 17011, 17137, 17871, 14616];276;140;42;498025;[85152, 71018, 70101, 69020, 69221, 72223, 61290];250475;[42829, 35641, 35329, 34685, 34954, 36281, 30756];0.005;0.391;0.008;0.458;0.005;0.437;0.242;0.5;0.74;0.499
5;6;npc_dota_hero_drow_ranger;agi;Ranged;['Carry', 'Disabler', 'Pusher'];/apps/dota2/images/dota_react/heroes/drow_ranger.png?;/apps/dota2/images/dota_react/heroes/icons/drow_ranger.png?;120;0.25;75;0;0;25;29;36;16;20;15;1.9;2.9;1.4;625;1250;1.7;100;0.5;310;0.7;True;2;1800;800;Drow Ranger;25923;12808;65667;31996;86786;42948;85100;42546;61434;31073;33523;16643;16496;8183;5786;2864;292710;[50021, 41968, 41368, 40862, 40757, 42525, 35209];157173;[26896, 22595, 22128, 22079, 21811, 22793, 18871];149;64;144;428834;[73870, 60763, 59689, 59299, 59746, 61759, 53708];212482;[36546, 30219, 29582, 29303, 29753, 30582, 26497];0.835;0.503;0.108;0.483;0.022;0.442;0.014;0.448;0.021;0.417
6;7;npc_dota_hero_earthshaker;str;Melee;['Support', 'Initiator', 'Disabler', 'Nuker'];/apps/dota2/images/dota_react/heroes/earthshaker.png?;/apps/dota2/images/dota_react/heroes/icons/earthshaker.png?;120;1;75;0;2;25;27;37;22;12;18;3.7;1.4;2.1;150;0;1.7;100;0.467;315;0.9;True;2;1800;800;Earthshaker;25312;12347;69255;33651;96214;47275;104573;52084;85455;43010;53621;27096;31683;16284;16362;8530;293327;[49438, 42940, 41414, 40783, 41246, 42962, 34544];140529;[23581, 20460, 19817, 19505, 20006, 20726, 16434];228;128;122;527831;[87678, 76609, 73249, 73857, 74225, 77169, 65044];263003;[43508, 37936, 36526, 36920, 37079, 38438, 32596];0.014;0.432;0.173;0.514;0.357;0.486;0.322;0.507;0.134;0.49
7;8;npc_dota_hero_juggernaut;agi;Melee;['Carry', 'Pusher', 'Escape'];/apps/dota2/images/dota_react/heroes/juggernaut.png?;/apps/dota2/images/dota_react/heroes/icons/juggernaut.png?;120;0.5;75;0;0;25;20;22;20;34;14;2;2.8;1.4;150;0;1.4;110;0.33;300;;True;2;1800;800;Juggernaut;31851;16066;91071;46862;133698;69706;142389;74292;107592;55650;60470;31070;31003;15340;10914;5291;361687;[61109, 51221, 50498, 50058, 51185, 53553, 44063];187249;[31487, 26343, 25893, 25820, 26665, 27866, 23175];209;94;242;667884;[112442, 93816, 92235, 92253, 95232, 97562, 84344];343732;[57342, 47976, 46967, 47510, 49259, 50802, 43876];0.94;0.525;0.016;0.469;0.028;0.459;0.006;0.405;0.01;0.412
8;9;npc_dota_hero_mirana;all;Ranged;['Carry', 'Support', 'Escape', 'Nuker', 'Disabler'];/apps/dota2/images/dota_react/heroes/mirana.png?;/apps/dota2/images/dota_react/heroes/icons/mirana.png?;120;0.25;75;0.4;-2;25;-2;2;18;24;22;1.9;2.5;1.4;630;900;1.7;100;0.35;285;;True;2;1800;800;Mirana;8693;4171;28863;13771;45182;21235;47635;22381;37333;17335;22912;10628;13223;6170;8290;3913;124341;[20857, 17108, 16636, 16460, 17954, 18746, 16580];60672;[10049, 8343, 7986, 7916, 8947, 9251, 8180];163;83;106;232790;[35122, 28912, 28564, 29184, 36824, 38564, 35620];109410;[16341, 13386, 13292, 13562, 17515, 18417, 16897];0.075;0.467;0.116;0.458;0.056;0.45;0.494;0.484;0.258;0.469
9;10;npc_dota_hero_morphling;agi;Ranged;['Carry', 'Escape', 'Durable', 'Nuker', 'Disabler'];/apps/dota2/images/dota_react/heroes/morphling.png?;/apps/dota2/images/dota_react/heroes/icons/morphling.png?;120;0.5;75;0.5;-2;25;12;21;23;24;19;3.2;3.9;1.8;350;1300;1.5;100;0.5;285;0.7;True;0;1800;800;Morphling;7402;3321;21946;9607;35298;15273;42328;18353;38468;16632;28873;12593;20010;8874;17592;8177;109431;[18597, 16140, 15282, 15231, 15315, 16228, 12638];48557;[8207, 7168, 6827, 6739, 6784, 7312, 5520];259;131;362;226093;[37798, 33083, 32451, 31484, 31711, 33370, 26196];99206;[16349, 14659, 14138, 13799, 14018, 14732, 11511];0.793;0.459;0.122;0.428;0.025;0.398;0.034;0.398;0.026;0.399
10;11;npc_dota_hero_nevermore;agi;Ranged;['Carry', 'Nuker'];/apps/dota2/images/dota_react/heroes/nevermore.png?;/apps/dota2/images/dota_react/heroes/icons/nevermore.png?;120;0.25;75;0.3;1;25;16;22;19;25;18;2.7;3.5;2.2;525;1200;1.6;100;0.5;305;0.9;True;0;1800;800;Shadow Fiend;30790;14792;83263;40373;121363;58201;133851;64274;108079;51876;68109;32535;41031;19856;24661;11881;365735;[60908, 54022, 52769, 51693, 52178, 54350, 39815];169022;[27954, 24868, 24536, 23931, 24034, 25199, 18500];537;281;1023;667702;[112787, 98207, 95499, 93476, 94552, 96848, 76333];320750;[53994, 46823, 45856, 45019, 45655, 46761, 36642];0.18;0.52;0.762;0.484;0.019;0.461;0.024;0.45;0.016;0.446
11;12;npc_dota_hero_phantom_lancer;agi;Melee;['Carry', 'Escape', 'Pusher', 'Nuker'];/apps/dota2/images/dota_react/heroes/phantom_lancer.png?;/apps/dota2/images/dota_react/heroes/icons/phantom_lancer.png?;120;1.5;75;0;0;25;26;36;19;26;21;2.2;2.8;1.8;225;900;1.7;110;0.5;285;;True;2;1800;800;Phantom Lancer;12652;5865;31332;14299;37227;16760;32570;14244;20438;8746;10238;4360;4740;1974;1671;675;126595;[21829, 18048, 17376, 17384, 18231, 18073, 15654];61328;[10471, 8682, 8353, 8349, 8937, 8901, 7635];60;18;209;175591;[30410, 24510, 23298, 23440, 25874, 25639, 22420];78549;[13341, 10860, 10240, 10448, 11724, 11719, 10217];0.887;0.453;0.025;0.452;0.049;0.445;0.014;0.39;0.025;0.363
12;13;npc_dota_hero_puck;int;Ranged;['Initiator', 'Disabler', 'Escape', 'Nuker'];/apps/dota2/images/dota_react/heroes/puck.png?;/apps/dota2/images/dota_react/heroes/icons/puck.png?;120;0.5;75;0.5;0;25;22;30;17;14;23;2.4;2.5;3.8;550;900;1.7;100;0.5;290;0.9;True;2;1800;800;Puck;6457;2974;18966;8782;32382;15199;42024;20151;39102;18874;28138;13670;18068;8802;11394;5617;81624;[13322, 11512, 11204, 11185, 11843, 12951, 9607];37258;[6048, 5227, 5067, 5014, 5502, 5987, 4413];205;103;362;214900;[33893, 29632, 28855, 28872, 32191, 33806, 27651];102803;[16070, 14230, 13771, 13554, 15665, 16104, 13409];0.004;0.452;0.94;0.487;0.015;0.426;0.026;0.441;0.015;0.434
13;14;npc_dota_hero_pudge;str;Melee;['Disabler', 'Initiator', 'Durable', 'Nuker'];/apps/dota2/images/dota_react/heroes/pudge.png?;/apps/dota2/images/dota_react/heroes/icons/pudge.png?;120;2.5;75;0;0;25;45;51;25;11;16;3;1.4;1.8;175;0;1.7;100;0.5;280;0.7;True;2;1800;800;Pudge;48197;25048;148989;76393;210930;107933;212130;108308;160288;80974;98023;48963;59681;29602;36717;17889;808683;[135007, 117494, 114875, 113433, 114691, 118958, 94225];406257;[67839, 59184, 57749, 57090, 57610, 60045, 46740];647;322;733;1052183;[180042, 151553, 148987, 145811, 146799, 150611, 128380];535289;[91624, 76986, 75882, 73960, 74617, 77248, 64972];0.031;0.513;0.158;0.515;0.203;0.511;0.346;0.5;0.262;0.494
14;15;npc_dota_hero_razor;agi;Ranged;['Carry', 'Durable', 'Nuker', 'Pusher'];/apps/dota2/images/dota_react/heroes/razor.png?;/apps/dota2/images/dota_react/heroes/icons/razor.png?;120;1;75;0;0;25;23;25;22;24;21;2.8;2.8;2.2;475;2000;1.7;100;0.3;280;;True;0;1800;800;Razor;14073;7229;34852;17852;48493;24967;52507;26859;43875;22306;28120;14137;16544;8178;9011;4344;138267;[24302, 20042, 19066, 19015, 18741, 19961, 17140];72848;[12887, 10534, 10131, 10060, 9707, 10478, 9051];222;102;270;275306;[48317, 39340, 37246, 37290, 37380, 39523, 36210];140214;[24565, 19954, 18894, 18914, 19221, 20148, 18518];0.242;0.5;0.242;0.509;0.467;0.515;0.032;0.457;0.017;0.474
15;16;npc_dota_hero_sand_king;all;Melee;['Initiator', 'Disabler', 'Support', 'Nuker', 'Escape'];/apps/dota2/images/dota_react/heroes/sand_king.png?;/apps/dota2/images/dota_react/heroes/icons/sand_king.png?;120;0.25;75;0;1;25;7;15;22;19;17;2.3;1.8;1.8;150;900;1.7;110;0.53;290;;True;6;1800;800;Sand King;14363;7574;41615;21754;60780;31792;71558;36846;63009;32239;42937;21832;27204;13839;17902;8995;155018;[28590, 22918, 21273, 21087, 20924, 21647, 18579];83885;[15286, 12429, 11539, 11502, 11369, 11761, 9999];376;182;494;364320;[64371, 52314, 48970, 49956, 50611, 52366, 45732];188163;[32976, 26824, 25393, 25798, 26317, 27137, 23718];0.012;0.471;0.175;0.541;0.695;0.516;0.078;0.486;0.04;0.474
16;17;npc_dota_hero_storm_spirit;int;Ranged;['Carry', 'Escape', 'Nuker', 'Initiator', 'Disabler'];/apps/dota2/images/dota_react/heroes/storm_spirit.png?;/apps/dota2/images/dota_react/heroes/icons/storm_spirit.png?;120;0.5;75;0;1;25;24;34;21;22;23;2;2.6;3.9;480;1100;1.6;115;0.5;285;0.8;True;2;1800;800;Storm Spirit;11615;5730;32178;16004;48736;24055;57460;28869;49541;24991;32371;16109;19951;9996;10909;5506;139397;[23349, 20052, 19514, 20385, 19280, 20448, 16369];69729;[11550, 10064, 9920, 10061, 9772, 10202, 8160];204;100;277;282110;[48100, 40018, 39395, 39103, 38745, 40382, 36367];140736;[23894, 19902, 19504, 19558, 19387, 20228, 18263];0.007;0.385;0.961;0.503;0.01;0.439;0.013;0.438;0.009;0.404
17;18;npc_dota_hero_sven;str;Melee;['Carry', 'Disabler', 'Initiator', 'Durable', 'Nuker'];/apps/dota2/images/dota_react/heroes/sven.png?;/apps/dota2/images/dota_react/heroes/icons/sven.png?;120;0.75;75;0;-1;25;37;39;25;21;16;3.2;2.2;1.5;150;0;1.9;110;0.4;325;;True;2;1800;800;Sven;13285;6387;36743;17900;54861;27010;64973;32518;58402;29537;39809;20303;25976;13225;19873;10089;118496;[20695, 17215, 16621, 16146, 17138, 16599, 14082];57277;[10140, 8449, 8010, 7782, 8208, 7961, 6727];414;230;313;338519;[59800, 50712, 49080, 48204, 45474, 45663, 39586];168974;[30366, 25681, 24833, 24299, 22290, 22256, 19249];0.57;0.483;0.014;0.458;0.11;0.442;0.098;0.53;0.207;0.529
18;19;npc_dota_hero_tiny;str;Melee;['Carry', 'Nuker', 'Pusher', 'Initiator', 'Durable', 'Disabler'];/apps/dota2/images/dota_react/heroes/tiny.png?;/apps/dota2/images/dota_react/heroes/icons/tiny.png?;120;2;75;0;0;25;31;37;30;0;17;4;0;2.2;150;900;1.7;90;0.4;275;;True;2;1800;800;Tiny;17440;8594;48637;23132;71921;33593;81649;38218;69874;32542;46089;21753;28687;13653;18895;9056;194985;[34643, 28840, 27092, 26863, 27265, 28160, 22122];92792;[16381, 13881, 12943, 12771, 12826, 13453, 10537];394;186;551;413507;[72941, 61016, 58136, 57378, 57715, 58200, 48121];195354;[34398, 28820, 27450, 27067, 27254, 27460, 22905];0.079;0.47;0.274;0.497;0.336;0.446;0.23;0.478;0.081;0.45
19;20;npc_dota_hero_vengefulspirit;all;Ranged;['Support', 'Initiator', 'Disabler', 'Nuker', 'Escape'];/apps/dota2/images/dota_react/heroes/vengefulspirit.png?;/apps/dota2/images/dota_react/heroes/icons/vengefulspirit.png?;120;0.25;75;0;0;25;9;15;20;21;19;2.1;2.1;1.2;400;1500;1.7;110;0.33;295;;True;2;1800;800;Vengeful Spirit;12696;6446;42711;21934;71287;36834;85589;44442;75882;39692;51406;26721;32346;16672;17082;8930;176061;[31357, 25842, 24267, 24317, 24153, 25212, 20913];94293;[16736, 13740, 12959, 13064, 13012, 13562, 11220];448;233;288;410914;[70656, 58655, 56206, 56952, 57380, 60180, 50885];212686;[36421, 30301, 28848, 29727, 29766, 31451, 26172];0.046;0.532;0.058;0.546;0.173;0.569;0.334;0.515;0.39;0.504
20;21;npc_dota_hero_windrunner;all;Ranged;['Carry', 'Support', 'Disabler', 'Escape', 'Nuker'];/apps/dota2/images/dota_react/heroes/windrunner.png?;/apps/dota2/images/dota_react/heroes/icons/windrunner.png?;120;0.25;75;0.25;0;25;7;13;18;19;21;2;1.4;2.4;600;1250;1.5;90;0.4;290;0.8;True;2;1800;800;Windranger;23821;11495;67614;32585;102091;49729;119143;58930;103503;51686;69958;35490;43933;22288;28729;14659;255187;[44427, 36809, 35861, 35237, 34939, 36602, 31312];125585;[21903, 18050, 17684, 17450, 17112, 17875, 15511];573;293;805;596461;[101095, 85700, 84527, 82494, 81656, 85129, 75860];295179;[49830, 42348, 41833, 40894, 40365, 42255, 37654];0.241;0.523;0.337;0.49;0.184;0.511;0.169;0.467;0.069;0.439
21;22;npc_dota_hero_zuus;int;Ranged;['Nuker', 'Carry'];/apps/dota2/images/dota_react/heroes/zuus.png?;/apps/dota2/images/dota_react/heroes/icons/zuus.png?;120;0.25;75;0;2;25;33;41;19;11;22;2.1;1.2;3.3;380;1100;1.7;100;0.35;315;;True;2;1800;800;Zeus;23998;11773;67013;33499;98414;49364;103257;51359;79182;38796;46205;22577;25121;12213;11679;5505;323280;[54964, 46580, 46339, 44643, 45309, 46718, 38727];159098;[27154, 22828, 22735, 21868, 22257, 22962, 19294];227;93;171;497877;[84772, 69779, 68706, 68204, 70613, 72557, 63246];246079;[41764, 34266, 33997, 33641, 35052, 36223, 31136];0.011;0.468;0.523;0.481;0.025;0.456;0.288;0.511;0.153;0.496
22;23;npc_dota_hero_kunkka;str;Melee;['Carry', 'Support', 'Disabler', 'Initiator', 'Durable', 'Nuker'];/apps/dota2/images/dota_react/heroes/kunkka.png?;/apps/dota2/images/dota_react/heroes/icons/kunkka.png?;120;0.75;75;0;2;25;30;36;24;14;18;3.6;1.6;1.8;150;900;1.7;100;0.4;315;;True;2;1800;800;Kunkka;9057;4537;25662;12880;39064;19970;45080;23298;38663;20085;24154;12454;13535;6916;6695;3329;98217;[17331, 14650, 14026, 13755, 13512, 13780, 11163];48544;[8481, 7223, 6946, 6856, 6725, 6807, 5506];139;66;128;222039;[37088, 32330, 32674, 31085, 31273, 31663, 25926];113597;[18904, 16419, 16791, 15797, 15864, 16425, 13397];0.019;0.434;0.276;0.512;0.615;0.515;0.062;0.506;0.028;0.52
23;25;npc_dota_hero_lina;int;Ranged;['Support', 'Carry', 'Nuker', 'Disabler'];/apps/dota2/images/dota_react/heroes/lina.png?;/apps/dota2/images/dota_react/heroes/icons/lina.png?;120;0.25;75;0;0;25;21;29;20;23;30;2.4;2.4;3.8;670;1000;1.6;100;0.65;290;;True;2;1800;800;Lina;27137;12753;70868;34239;104267;51403;119397;59538;101175;51335;67842;34663;41861;21561;26272;13540;278204;[46769, 39891, 39784, 38750, 38898, 40872, 33240];134409;[22445, 19444, 19157, 18681, 18882, 19667, 16133];594;304;924;606865;[98813, 84879, 84185, 83449, 86348, 91009, 78182];302475;[49265, 42340, 41876, 41607, 43029, 45364, 38994];0.213;0.512;0.563;0.51;0.019;0.461;0.127;0.468;0.078;0.458
24;26;npc_dota_hero_lion;int;Ranged;['Support', 'Disabler', 'Nuker', 'Initiator'];/apps/dota2/images/dota_react/heroes/lion.png?;/apps/dota2/images/dota_react/heroes/icons/lion.png?;120;0.5;75;0;0;25;29;35;18;15;20;2.4;1.7;3.5;600;900;1.7;115;0.43;290;;True;2;1800;800;Lion;36588;17970;113665;55880;169953;83087;182511;89493;140359;68993;81865;39980;43487;21189;16493;8092;370744;[63380, 53878, 52248, 52068, 51802, 53902, 43466];176081;[30067, 25523, 24771, 24630, 24746, 25609, 20735];533;272;128;844576;[142428, 121401, 118615, 117918, 119060, 122785, 102369];414481;[69637, 59381, 58165, 57969, 58605, 60415, 50309];0.005;0.414;0.076;0.497;0.009;0.417;0.327;0.491;0.582;0.486
25;27;npc_dota_hero_shadow_shaman;int;Ranged;['Support', 'Pusher', 'Disabler', 'Nuker', 'Initiator'];/apps/dota2/images/dota_react/heroes/shadow_shaman.png?;/apps/dota2/images/dota_react/heroes/icons/shadow_shaman.png?;120;1;75;0;3;25;40;47;20;16;25;2.3;1.6;3.5;400;900;1.7;90;0.3;285;;True;2;1800;800;Shadow Shaman;27507;14464;75255;39529;101510;52981;100469;52772;74289;39148;42806;22522;22601;11715;9214;4812;212679;[36566, 30788, 30073, 29708, 29802, 31249, 24493];112600;[19322, 16305, 16020, 15592, 15886, 16426, 13049];293;147;160;493296;[83894, 70974, 69586, 69044, 69267, 71966, 58565];258934;[43825, 37097, 36545, 36242, 36480, 38045, 30700];0.007;0.426;0.016;0.475;0.009;0.437;0.306;0.529;0.663;0.528
26;28;npc_dota_hero_slardar;str;Melee;['Carry', 'Durable', 'Initiator', 'Disabler', 'Escape'];/apps/dota2/images/dota_react/heroes/slardar.png?;/apps/dota2/images/dota_react/heroes/icons/slardar.png?;120;0.5;75;0;3;25;30;38;21;17;15;3.6;2.1;1.5;150;0;1.7;100;0.36;300;;True;0;1800;800;Slardar;15646;7636;42402;20674;57132;27868;56978;27750;41679;20279;23430;11444;12465;6061;5900;2970;140893;[24431, 20458, 19482, 19337, 19913, 20475, 16797];71786;[12518, 10287, 9886, 9991, 10160, 10439, 8505];201;91;159;289081;[48997, 40781, 39622, 39830, 41102, 42285, 36464];141477;[23813, 19949, 19350, 19425, 20156, 20768, 18016];0.04;0.442;0.058;0.535;0.849;0.485;0.037;0.42;0.015;0.451
27;29;npc_dota_hero_tidehunter;str;Melee;['Initiator', 'Durable', 'Disabler', 'Nuker', 'Carry'];/apps/dota2/images/dota_react/heroes/tidehunter.png?;/apps/dota2/images/dota_react/heroes/icons/tidehunter.png?;120;0.25;75;0.5;0;25;25;31;27;15;20;3.6;1.5;1.7;150;900;1.7;100;0.6;300;;True;2;1800;800;Tidehunter;10070;4896;30222;14923;46313;22856;49476;24463;37465;18198;21411;10502;11161;5510;4642;2293;114449;[20529, 16386, 15467, 15667, 15547, 16525, 14328];59334;[10510, 8479, 7986, 8108, 8162, 8556, 7533];124;73;42;228015;[38507, 31838, 30943, 31111, 31625, 33480, 30511];112216;[19138, 15637, 15049, 15287, 15634, 16367, 15104];0.013;0.481;0.033;0.493;0.841;0.497;0.074;0.478;0.039;0.476
28;30;npc_dota_hero_witch_doctor;int;Ranged;['Support', 'Nuker', 'Disabler'];/apps/dota2/images/dota_react/heroes/witch_doctor.png?;/apps/dota2/images/dota_react/heroes/icons/witch_doctor.png?;120;0.25;75;0;0;25;26;36;20;13;22;2.1;1.4;3.1;550;1200;1.7;100;0.4;300;;True;2;1800;800;Witch Doctor;29016;15513;93817;50412;139957;74551;144485;76179;106855;55571;60635;30902;30924;15484;11768;5728;295085;[50089, 41943, 40475, 40792, 42061, 43996, 35729];159488;[26912, 22736, 21836, 21901, 22907, 23852, 19344];319;138;200;657808;[110339, 92715, 90655, 91319, 95106, 97141, 80533];345711;[58030, 49042, 47213, 47954, 49931, 51132, 42409];0.006;0.442;0.026;0.491;0.013;0.464;0.337;0.529;0.618;0.525
29;31;npc_dota_hero_lich;int;Ranged;['Support', 'Nuker'];/apps/dota2/images/dota_react/heroes/lich.png?;/apps/dota2/images/dota_react/heroes/icons/lich.png?;120;0.5;75;0.75;-1;25;24;33;20;17;26;2.1;2;3.8;550;900;1.7;100;0.46;290;0.7;True;2;1800;800;Lich;16532;9044;48538;26257;72443;39199;82567;44392;68910;36457;45198;23880;26210;13679;11556;5959;170035;[29736, 24130, 23531, 23060, 23422, 25034, 21122];97038;[16858, 13819, 13343, 13274, 13460, 14313, 11971];317;160;108;401920;[69069, 56716, 56261, 55145, 56212, 58759, 49758];214824;[36635, 30242, 30170, 29389, 30212, 31416, 26760];0.004;0.444;0.007;0.515;0.006;0.448;0.313;0.536;0.67;0.533
30;32;npc_dota_hero_riki;agi;Melee;['Carry', 'Escape', 'Disabler'];/apps/dota2/images/dota_react/heroes/riki.png?;/apps/dota2/images/dota_react/heroes/icons/riki.png?;120;2.5;75;0;0;25;22;26;18;30;14;2;2.4;1.3;150;900;1.7;90;0.3;315;;True;2;1800;800;Riki;15498;7913;36303;18995;40674;20983;34879;17832;22186;11135;11411;5776;5595;2744;2039;982;146727;[24727, 21495, 20879, 20209, 20780, 21438, 17199];75009;[12523, 10856, 10694, 10342, 10745, 10969, 8880];50;19;87;198403;[33278, 28508, 27591, 27131, 28638, 29163, 24094];101673;[16961, 14578, 14181, 13787, 14723, 15160, 12283];0.596;0.509;0.118;0.527;0.101;0.509;0.12;0.505;0.065;0.461
31;33;npc_dota_hero_enigma;all;Ranged;['Disabler', 'Initiator', 'Pusher'];/apps/dota2/images/dota_react/heroes/enigma.png?;/apps/dota2/images/dota_react/heroes/icons/enigma.png?;120;0.25;75;0.5;1;25;7;13;21;14;19;2.5;1;3.6;500;900;1.7;100;0.4;280;;True;0;1800;800;Enigma;7802;3779;22127;10744;28518;14082;27449;13682;20134;10031;11729;5889;6816;3573;5180;2751;135179;[22871, 19779, 19159, 18718, 19228, 20121, 15303];66915;[11389, 9687, 9383, 9269, 9479, 10051, 7657];116;55;191;149259;[25328, 21863, 21123, 21119, 21113, 21755, 16958];74002;[12633, 10865, 10495, 10398, 10437, 10787, 8387];0.023;0.433;0.028;0.48;0.284;0.509;0.418;0.499;0.246;0.482
32;34;npc_dota_hero_tinker;int;Ranged;['Carry', 'Nuker', 'Pusher'];/apps/dota2/images/dota_react/heroes/tinker.png?;/apps/dota2/images/dota_react/heroes/icons/tinker.png?;120;0.25;75;0.75;4;25;22;28;19;17;30;2.3;1.4;3.3;500;900;1.7;100;0.35;310;;True;2;1800;800;Tinker;9951;4992;32738;17102;55450;30110;72143;40161;71445;40757;53582;30899;36643;21290;24083;13910;121847;[21031, 18454, 18253, 18226, 16314, 16682, 12887];59578;[10480, 9248, 9202, 9049, 7654, 7773, 6172];289;160;909;372093;[69285, 60129, 59228, 57418, 44206, 44714, 37113];207030;[39359, 34102, 33777, 32571, 23460, 23781, 19980];0.007;0.412;0.123;0.462;0.023;0.474;0.416;0.565;0.43;0.552
33;35;npc_dota_hero_sniper;agi;Ranged;['Carry', 'Nuker'];/apps/dota2/images/dota_react/heroes/sniper.png?;/apps/dota2/images/dota_react/heroes/icons/sniper.png?;120;0.25;75;0;-1;25;13;19;19;27;15;2;3.2;2.6;550;3000;1.7;100;0.17;285;0.7;True;2;1800;1400;Sniper;42194;21188;112923;56304;155134;77542;151495;75852;103907;51228;52998;26013;24859;12103;8981;4315;445397;[75059, 63677, 63112, 62152, 62616, 65587, 53194];225152;[37785, 32304, 31882, 31515, 31651, 33168, 26847];268;137;360;722987;[122239, 101964, 100318, 99754, 101481, 106328, 90903];359724;[60826, 50739, 49902, 49607, 50443, 52835, 45372];0.195;0.494;0.57;0.505;0.039;0.471;0.136;0.477;0.06;0.459
34;36;npc_dota_hero_necrolyte;int;Ranged;['Carry', 'Nuker', 'Durable', 'Disabler'];/apps/dota2/images/dota_react/heroes/necrolyte.png?;/apps/dota2/images/dota_react/heroes/icons/necrolyte.png?;120;0.25;75;0;2;25;26;30;18;12;21;2.3;1.3;2.7;500;1200;1.7;100;0.3;280;;True;2;1800;800;Necrophos;18811;10200;59239;31637;85401;44742;88468;45688;65450;33323;36309;18004;17597;8513;5816;2680;166115;[29295, 23581, 22845, 22621, 22884, 24083, 20806];87066;[15411, 12302, 11842, 11922, 12073, 12673, 10843];145;78;218;410451;[70007, 57918, 55583, 56284, 57126, 59999, 53534];212561;[36059, 29936, 28739, 28973, 29601, 31418, 27835];0.021;0.496;0.585;0.533;0.314;0.51;0.051;0.462;0.028;0.469
35;37;npc_dota_hero_warlock;int;Ranged;['Support', 'Initiator', 'Disabler'];/apps/dota2/images/dota_react/heroes/warlock.png?;/apps/dota2/images/dota_react/heroes/icons/warlock.png?;120;0.25;75;0;1;25;24;34;22;10;25;2.4;1;3.1;600;1200;1.7;90;0.3;300;;True;2;1800;800;Warlock;14337;8082;48169;27158;76166;42643;83181;45188;62242;32945;34804;18008;17519;8969;6878;3346;174807;[30978, 24948, 23763, 23753, 24296, 25307, 21762];101961;[18111, 14477, 13896, 13786, 14163, 14814, 12714];167;70;128;365382;[62678, 51246, 50123, 49562, 51985, 53590, 46198];198330;[34109, 27576, 27036, 26682, 28391, 29326, 25210];0.009;0.462;0.015;0.527;0.015;0.506;0.344;0.56;0.618;0.548
36;38;npc_dota_hero_beastmaster;all;Melee;['Initiator', 'Disabler', 'Durable', 'Nuker'];/apps/dota2/images/dota_react/heroes/beastmaster.png?;/apps/dota2/images/dota_react/heroes/icons/beastmaster.png?;120;0.25;75;0;-1;25;5;9;25;22;16;2.9;1.6;1.2;150;0;1.7;100;0.3;305;;True;2;1800;800;Beastmaster;3291;1491;10696;4770;17212;7830;20785;9199;17792;7717;12288;5404;7721;3428;5666;2648;41255;[7436, 6342, 5877, 5658, 5604, 5894, 4444];17825;[3214, 2770, 2537, 2436, 2405, 2595, 1868];139;58;352;105049;[19070, 16150, 14995, 14623, 14489, 14121, 11601];47044;[8457, 7220, 6675, 6678, 6499, 6354, 5161];0.018;0.425;0.078;0.468;0.855;0.449;0.034;0.417;0.014;0.442
37;39;npc_dota_hero_queenofpain;int;Ranged;['Carry', 'Nuker', 'Escape'];/apps/dota2/images/dota_react/heroes/queenofpain.png?;/apps/dota2/images/dota_react/heroes/icons/queenofpain.png?;120;0.25;75;0;0;25;26;32;20;22;25;2.4;2.5;3.4;550;1500;1.5;100;0.56;290;;True;2;1800;800;Queen of Pain;12082;5932;41776;20350;73878;36615;93988;46973;85714;43124;57205;28552;36010;17880;21862;10801;179223;[30775, 25035, 24369, 24237, 25075, 26592, 23140];86028;[14679, 11789, 11515, 11676, 12149, 12949, 11271];302;145;368;451245;[74672, 62110, 61531, 61306, 63814, 67021, 60791];224546;[36812, 30805, 30362, 30221, 32144, 33771, 30431];0.008;0.422;0.823;0.502;0.032;0.485;0.095;0.485;0.043;0.471
38;40;npc_dota_hero_venomancer;all;Ranged;['Support', 'Nuker', 'Initiator', 'Pusher', 'Disabler'];/apps/dota2/images/dota_react/heroes/venomancer.png?;/apps/dota2/images/dota_react/heroes/icons/venomancer.png?;120;0.25;75;0;0;25;-3;0;19;24;19;2;2;1.4;450;900;1.7;115;0.3;280;;True;0;1800;800;Venomancer;18831;9104;65098;30453;107766;49825;124944;56412;103741;46031;64935;28284;37431;16338;20095;8497;295202;[55369, 46498, 44390, 43524, 37671, 36703, 31047];134765;[25718, 21535, 20320, 20019, 16841, 16348, 13984];262;126;369;575563;[108264, 91830, 87429, 84577, 70922, 71093, 61448];260496;[48975, 41147, 39189, 37997, 32135, 32714, 28339];0.044;0.388;0.131;0.368;0.098;0.393;0.37;0.478;0.358;0.491
39;41;npc_dota_hero_faceless_void;agi;Melee;['Carry', 'Initiator', 'Disabler', 'Escape', 'Durable'];/apps/dota2/images/dota_react/heroes/faceless_void.png?;/apps/dota2/images/dota_react/heroes/icons/faceless_void.png?;120;1;75;0;0;25;37;43;20;19;15;2.6;3.3;1.5;150;900;1.7;100;0.5;300;0.9;True;2;1800;800;Faceless Void;16175;7547;50083;23385;74117;34678;77478;36827;58771;28332;35409;17055;18913;9068;10391;5101;190353;[32250, 26768, 26205, 26344, 27527, 28054, 23205];94421;[15840, 13290, 13086, 13109, 13712, 13781, 11603];175;75;282;376352;[62672, 52782, 51994, 52010, 55217, 55312, 46365];178544;[29688, 25022, 24657, 24644, 26283, 26158, 22092];0.879;0.471;0.024;0.482;0.053;0.47;0.021;0.473;0.023;0.42
40;42;npc_dota_hero_skeleton_king;str;Melee;['Carry', 'Support', 'Durable', 'Disabler', 'Initiator'];/apps/dota2/images/dota_react/heroes/skeleton_king.png?;/apps/dota2/images/dota_react/heroes/icons/skeleton_king.png?;120;0.5;75;0;-1;25;38;40;22;16;18;2.8;1.7;1.6;150;0;1.7;100;0.56;315;;True;2;1800;800;Wraith King;27687;16260;82451;47420;116438;65516;117024;64421;84988;45858;46790;24833;22675;11801;8023;4106;226400;[38876, 32616, 31685, 31473, 31195, 33194, 27361];130656;[22462, 18809, 18530, 18108, 17880, 19146, 15721];218;100;228;544511;[93428, 79538, 76800, 75698, 74899, 77903, 66245];302002;[51783, 44476, 42582, 41892, 41506, 43371, 36392];0.466;0.563;0.02;0.566;0.484;0.551;0.018;0.463;0.011;0.489
41;43;npc_dota_hero_death_prophet;int;Ranged;['Carry', 'Pusher', 'Nuker', 'Disabler'];/apps/dota2/images/dota_react/heroes/death_prophet.png?;/apps/dota2/images/dota_react/heroes/icons/death_prophet.png?;120;0.25;75;0.5;1;25;23;33;21;16;24;2.9;2;3;600;1000;1.7;100;0.5;290;0.8;True;2;1800;800;Death Prophet;8125;3952;20217;9914;28487;14028;31978;15866;26856;13496;17590;8699;11190;5672;6494;3239;74533;[13071, 10576, 10144, 10207, 10352, 11051, 9132];37909;[6620, 5350, 5207, 5248, 5244, 5528, 4712];200;93;313;170129;[28864, 23436, 22472, 22578, 24448, 26028, 22303];84187;[14266, 11645, 11129, 11119, 12094, 13004, 10930];0.011;0.434;0.461;0.487;0.407;0.51;0.076;0.475;0.044;0.47
42;44;npc_dota_hero_phantom_assassin;agi;Melee;['Carry', 'Escape'];/apps/dota2/images/dota_react/heroes/phantom_assassin.png?;/apps/dota2/images/dota_react/heroes/icons/phantom_assassin.png?;120;1;75;0;1;25;35;37;19;21;15;2;3.4;1.7;150;900;1.7;110;0.3;310;0.8;True;2;1800;800;Phantom Assassin;44650;23006;125282;64920;173833;89778;178267;91274;134737;68457;79613;40244;44696;22526;23034;11348;473541;[79740, 68607, 67153, 65754, 66913, 69518, 55856];254738;[42792, 37089, 36146, 35373, 36232, 37349, 29757];374;183;487;873923;[147717, 125736, 123155, 121918, 122655, 127093, 105649];447410;[75509, 64516, 63200, 62233, 62824, 65164, 53964];0.91;0.512;0.046;0.505;0.021;0.465;0.009;0.417;0.014;0.402
43;45;npc_dota_hero_pugna;int;Ranged;['Nuker', 'Pusher'];/apps/dota2/images/dota_react/heroes/pugna.png?;/apps/dota2/images/dota_react/heroes/icons/pugna.png?;120;0.25;75;0.5;0;25;21;28;19;21;26;2;1.3;5.2;630;900;1.7;100;0.5;330;;True;2;1800;800;Pugna;8876;4092;21827;10155;29584;13851;30274;14478;24099;11850;14110;7015;8674;4311;4906;2464;82542;[14230, 11909, 11354, 11613, 11501, 12234, 9701];37243;[6414, 5325, 5169, 5254, 5153, 5539, 4389];198;106;27;165880;[28138, 23780, 23296, 23259, 23278, 24011, 20118];79443;[13524, 11420, 11181, 11130, 11089, 11501, 9598];0.008;0.409;0.194;0.466;0.036;0.453;0.414;0.495;0.349;0.481
44;46;npc_dota_hero_templar_assassin;agi;Ranged;['Carry', 'Escape'];/apps/dota2/images/dota_react/heroes/templar_assassin.png?;/apps/dota2/images/dota_react/heroes/icons/templar_assassin.png?;120;1;75;0;0;25;30;36;23;23;20;2.4;3.2;2;250;1000;1.6;100;0.3;310;0.7;True;2;1800;800;Templar Assassin;10375;4456;24526;10324;31290;13402;32627;14451;25942;11762;16462;7606;10523;4833;7066;3330;88364;[15185, 13115, 12805, 12349, 12414, 12665, 9831];37190;[6432, 5539, 5406, 5293, 5117, 5290, 4113];189;88;265;176787;[29997, 26030, 25393, 25058, 25105, 25636, 19568];78242;[13192, 11516, 11280, 11195, 11143, 11279, 8637];0.39;0.455;0.584;0.447;0.013;0.413;0.006;0.395;0.007;0.376
45;47;npc_dota_hero_viper;agi;Ranged;['Carry', 'Durable', 'Initiator', 'Disabler'];/apps/dota2/images/dota_react/heroes/viper.png?;/apps/dota2/images/dota_react/heroes/icons/viper.png?;120;0.25;75;0;-2;25;27;29;21;21;17;2.4;2.7;2;575;1200;1.7;120;0.33;275;;True;0;1800;800;Viper;24783;12479;56035;28657;71068;36335;69693;35678;51430;26363;29613;15054;16918;8689;8737;4453;223054;[37646, 32634, 32008, 31224, 31371, 32329, 25842];116555;[19892, 17107, 16770, 16404, 16296, 16699, 13387];314;168;611;368201;[61735, 52257, 54212, 51104, 50297, 52902, 45694];188134;[31811, 27072, 27943, 26104, 25626, 26616, 22962];0.088;0.493;0.468;0.51;0.338;0.504;0.067;0.486;0.039;0.489
46;48;npc_dota_hero_luna;agi;Ranged;['Carry', 'Nuker', 'Pusher'];/apps/dota2/images/dota_react/heroes/luna.png?;/apps/dota2/images/dota_react/heroes/icons/luna.png?;120;0.5;75;0;2;25;26;32;21;24;23;2.2;3.4;1.9;330;900;1.7;100;0.35;325;;True;2;1800;800;Luna;13815;6955;36552;18381;51643;25370;56282;28079;46191;22806;29700;14560;17673;8744;10372;5041;156549;[26936, 22207, 21488, 21680, 22454, 22665, 19119];79802;[13755, 11186, 11031, 11026, 11598, 11583, 9623];179;85;98;289943;[48927, 41130, 40951, 40358, 40666, 42162, 35749];143930;[24381, 20326, 20272, 20036, 20367, 21021, 17527];0.841;0.505;0.083;0.494;0.028;0.469;0.026;0.444;0.022;0.464
47;49;npc_dota_hero_dragon_knight;str;Melee;['Carry', 'Pusher', 'Durable', 'Disabler', 'Initiator', 'Nuker'];/apps/dota2/images/dota_react/heroes/dragon_knight.png?;/apps/dota2/images/dota_react/heroes/icons/dragon_knight.png?;120;0.25;75;0;0;25;34;40;21;16;18;3.6;2;1.7;150;900;1.6;100;0.5;315;;True;2;1800;800;Dragon Knight;14880;7357;46292;22771;71236;34966;79663;38585;65715;31714;41674;20008;24991;11935;15317;7338;121752;[22018, 17600, 16634, 16526, 16513, 16986, 15475];60835;[10935, 8795, 8350, 8201, 8228, 8536, 7790];425;230;479;388665;[67842, 55410, 52837, 53252, 52587, 55697, 51040];188935;[33019, 26891, 25647, 25745, 25885, 26952, 24796];0.279;0.501;0.187;0.498;0.513;0.478;0.013;0.461;0.008;0.421
48;50;npc_dota_hero_dazzle;all;Ranged;['Support', 'Nuker', 'Disabler'];/apps/dota2/images/dota_react/heroes/dazzle.png?;/apps/dota2/images/dota_react/heroes/icons/dazzle.png?;120;0.25;75;0.3;0;25;3;9;18;20;25;2;1.4;2.8;575;1200;1.7;100;0.3;305;0.7;True;2;1800;800;Dazzle;13620;6475;46650;22255;70789;33797;73240;35112;52802;25216;28444;13743;13945;6610;5870;2854;153047;[26430, 21986, 21233, 21557, 21593, 22504, 17744];74713;[12772, 10718, 10359, 10576, 10644, 11126, 8518];149;78;230;329364;[55536, 46986, 46398, 46541, 47177, 48605, 38121];157758;[26577, 22661, 22279, 22242, 22563, 23201, 18235];0.008;0.396;0.067;0.471;0.021;0.453;0.274;0.474;0.63;0.48
49;51;npc_dota_hero_rattletrap;all;Melee;['Initiator', 'Disabler', 'Durable', 'Nuker'];/apps/dota2/images/dota_react/heroes/rattletrap.png?;/apps/dota2/images/dota_react/heroes/icons/rattletrap.png?;120;0.5;75;0;1;25;8;10;27;13;18;3.1;2.1;1.7;150;900;1.7;100;0.33;310;;True;2;1800;800;Clockwerk;5979;3080;20702;10791;35548;18443;44298;22746;41642;21229;28670;14667;19362;9801;11743;6075;95705;[16819, 13613, 13387, 13070, 13301, 13798, 11717];50962;[9041, 7244, 7096, 6903, 7099, 7327, 6252];340;171;368;224507;[37988, 31412, 30818, 31031, 31575, 32796, 28887];115261;[19371, 16086, 15762, 15969, 16321, 16810, 14942];0.006;0.416;0.033;0.518;0.161;0.518;0.45;0.516;0.351;0.513
50;52;npc_dota_hero_leshrac;int;Ranged;['Carry', 'Support', 'Nuker', 'Pusher', 'Disabler'];/apps/dota2/images/dota_react/heroes/leshrac.png?;/apps/dota2/images/dota_react/heroes/icons/leshrac.png?;120;0.25;75;0;1;25;27;31;20;17;22;2.8;2.5;3.5;575;900;1.7;100;0.4;325;;True;4;1800;800;Leshrac;4777;2346;13608;6802;20402;10067;23841;11891;21050;10516;15961;8085;11629;5870;12052;6069;75377;[12876, 10450, 10091, 10489, 10584, 11060, 9827];40714;[7047, 5720, 5345, 5715, 5748, 5896, 5243];187;109;189;137094;[20539, 17258, 17383, 19069, 19944, 22002, 20899];68672;[10405, 8806, 8770, 9664, 9803, 10761, 10463];0.014;0.483;0.635;0.5;0.078;0.473;0.17;0.49;0.103;0.461
51;53;npc_dota_hero_furion;int;Ranged;['Carry', 'Pusher', 'Escape', 'Nuker'];/apps/dota2/images/dota_react/heroes/furion.png?;/apps/dota2/images/dota_react/heroes/icons/furion.png?;120;0.25;75;0;0;25;18;28;19;14;22;2.6;3.2;3.5;620;1125;1.5;100;0.4;295;0.9;True;2;1800;800;Nature's Prophet;20115;9802;56540;26732;73501;34159;74554;34894;57404;27296;35784;17296;21470;10576;14908;7441;215006;[36924, 31270, 30511, 30021, 30184, 31043, 25053];98831;[16756, 14329, 14197, 13719, 13810, 14389, 11631];154;90;127;389862;[64271, 55331, 55395, 55545, 55500, 56172, 47648];185636;[30581, 26296, 26217, 26287, 26391, 26989, 22875];0.045;0.465;0.18;0.516;0.087;0.464;0.45;0.483;0.237;0.469
52;54;npc_dota_hero_life_stealer;str;Melee;['Carry', 'Durable', 'Escape', 'Disabler'];/apps/dota2/images/dota_react/heroes/life_stealer.png?;/apps/dota2/images/dota_react/heroes/icons/life_stealer.png?;120;0.25;75;0;1;25;16;22;25;19;15;2.4;1.9;1.8;150;900;1.7;100;0.39;320;0.9;True;2;1800;800;Lifestealer;11057;5383;33805;16393;54088;27339;62858;32018;53188;27597;34519;17806;20292;10441;8637;4418;122314;[21442, 18072, 17267, 17086, 17114, 17545, 13788];59562;[10585, 8794, 8273, 8349, 8356, 8505, 6700];262;122;427;305046;[52869, 44578, 43095, 42552, 42165, 43473, 36314];154249;[26851, 22556, 21871, 21437, 21286, 21968, 18280];0.837;0.526;0.011;0.449;0.125;0.438;0.014;0.39;0.014;0.4
53;55;npc_dota_hero_dark_seer;all;Melee;['Initiator', 'Escape', 'Disabler'];/apps/dota2/images/dota_react/heroes/dark_seer.png?;/apps/dota2/images/dota_react/heroes/icons/dark_seer.png?;120;1;75;0;2;25;7;13;20;19;21;2.6;1.8;2.7;150;900;1.7;100;0.59;295;;True;2;1800;800;Dark Seer;4423;2267;13415;6792;21067;10759;26096;13224;24114;12397;17606;9050;12051;6055;7804;3881;80385;[14772, 11767, 10980, 10990, 10632, 11295, 9949];42025;[7770, 6231, 5703, 5763, 5500, 5923, 5135];168;86;280;140604;[26203, 21172, 19954, 19516, 18521, 18949, 16289];71558;[13302, 10784, 10138, 10043, 9348, 9677, 8266];0.013;0.441;0.023;0.459;0.778;0.515;0.127;0.502;0.058;0.479
54;56;npc_dota_hero_clinkz;agi;Ranged;['Carry', 'Escape', 'Pusher'];/apps/dota2/images/dota_react/heroes/clinkz.png?;/apps/dota2/images/dota_react/heroes/icons/clinkz.png?;120;0.25;75;0;0;25;19;25;17;25;21;2;2.7;2.2;600;900;1.7;100;0.4;290;;True;2;1800;800;Clinkz;17609;8875;36820;18578;41791;21134;37585;19163;27161;13786;15904;8210;10069;5194;6034;3225;171126;[28478, 25509, 24622, 23994, 24263, 24811, 19449];86084;[14310, 13044, 12493, 11905, 12084, 12413, 9835];138;72;173;223555;[37516, 32502, 31811, 31173, 31054, 32776, 26723];113635;[19032, 16433, 16185, 15825, 15779, 16798, 13583];0.359;0.507;0.369;0.541;0.058;0.487;0.156;0.499;0.059;0.465
55;57;npc_dota_hero_omniknight;str;Melee;['Support', 'Durable', 'Nuker'];/apps/dota2/images/dota_react/heroes/omniknight.png?;/apps/dota2/images/dota_react/heroes/icons/omniknight.png?;120;0.25;75;0;2;25;31;41;23;15;16;3.1;2;2.1;150;900;1.7;100;0.433;315;;True;2;1800;800;Omniknight;5371;2671;14646;7227;22336;11357;25470;13216;22441;11839;16433;8955;12191;6638;9454;5228;61836;[10294, 8772, 8531, 8648, 8518, 9106, 7967];31020;[5089, 4362, 4382, 4359, 4305, 4521, 4002];67;36;58;146217;[22132, 19703, 19784, 19917, 20745, 22698, 21238];76041;[11463, 10269, 10213, 10331, 10789, 11864, 11112];0.013;0.422;0.034;0.487;0.266;0.481;0.255;0.543;0.431;0.55
56;58;npc_dota_hero_enchantress;int;Ranged;['Support', 'Pusher', 'Durable', 'Disabler'];/apps/dota2/images/dota_react/heroes/enchantress.png?;/apps/dota2/images/dota_react/heroes/icons/enchantress.png?;120;0.25;75;0.5;1;25;21;31;17;19;22;2;2.1;3.8;575;900;1.7;100;0.3;320;;True;4;1800;800;Enchantress;10708;5172;22856;11027;25559;12371;22557;10628;16336;7679;9546;4549;6160;2897;4587;2171;108174;[19284, 15820, 15124, 14926, 14952, 15283, 12785];54347;[9682, 7892, 7664, 7525, 7474, 7735, 6375];157;75;281;138182;[23625, 19472, 19126, 18864, 19660, 20103, 17332];66658;[11349, 9507, 9229, 9044, 9460, 9650, 8419];0.02;0.399;0.12;0.526;0.079;0.513;0.392;0.475;0.389;0.454
57;59;npc_dota_hero_huskar;str;Ranged;['Carry', 'Durable', 'Initiator'];/apps/dota2/images/dota_react/heroes/huskar.png?;/apps/dota2/images/dota_react/heroes/icons/huskar.png?;120;0.25;0;0;1;25;21;26;23;10;18;3.3;1.5;1.5;400;1400;1.6;100;0.3;295;;True;2;1800;800;Huskar;15666;7283;30465;13802;34137;15553;31755;14677;23469;11257;14706;7137;8660;4308;5841;2881;127097;[20744, 18096, 17598, 17730, 18444, 19317, 15168];62137;[9975, 8714, 8539, 8631, 9200, 9563, 7515];119;65;328;194591;[31154, 26859, 26841, 26956, 28349, 29179, 25253];91644;[14372, 12508, 12519, 12661, 13555, 13945, 12084];0.052;0.448;0.637;0.503;0.246;0.444;0.042;0.439;0.023;0.427
58;60;npc_dota_hero_night_stalker;str;Melee;['Carry', 'Initiator', 'Durable', 'Disabler', 'Nuker'];/apps/dota2/images/dota_react/heroes/night_stalker.png?;/apps/dota2/images/dota_react/heroes/icons/night_stalker.png?;120;1.5;75;0.25;2;25;40;44;23;18;15;3;2.2;1.6;150;900;1.7;100;0.55;295;;True;2;800;1800;Night Stalker;6959;3506;23424;11884;39469;20537;46857;24650;40140;21317;25024;13221;14125;7494;5825;3007;67333;[11646, 9878, 9527, 9512, 9229, 9649, 7892];33637;[5811, 4995, 4659, 4717, 4582, 4848, 4025];166;74;200;219409;[36960, 30950, 31187, 30748, 30814, 31756, 26994];114591;[19443, 16344, 16194, 16028, 16071, 16451, 14060];0.022;0.484;0.064;0.547;0.885;0.521;0.021;0.464;0.007;0.473
59;61;npc_dota_hero_broodmother;all;Melee;['Carry', 'Pusher', 'Escape', 'Nuker'];/apps/dota2/images/dota_react/heroes/broodmother.png?;/apps/dota2/images/dota_react/heroes/icons/broodmother.png?;120;0.25;75;0;-1;25;9;15;19;18;18;2.3;2.6;1.4;175;900;1.7;125;0.4;285;;True;8;1800;800;Broodmother;6813;3241;16406;8046;20182;9905;18777;9439;14510;7369;9351;4727;6289;3281;6106;3199;61304;[10294, 9285, 8764, 8598, 8809, 8889, 6665];27509;[4530, 4289, 3863, 3849, 3959, 4026, 2993];81;45;348;114619;[19226, 17524, 16629, 16163, 15875, 16542, 12660];56895;[9450, 8765, 8303, 7974, 7875, 8299, 6229];0.164;0.502;0.601;0.553;0.209;0.475;0.015;0.344;0.011;0.342
60;62;npc_dota_hero_bounty_hunter;agi;Melee;['Escape', 'Nuker'];/apps/dota2/images/dota_react/heroes/bounty_hunter.png?;/apps/dota2/images/dota_react/heroes/icons/bounty_hunter.png?;120;0.75;75;0.5;5;25;33;41;19;21;20;2.5;2.6;1.9;150;900;1.5;100;0.59;325;;True;2;1800;1000;Bounty Hunter;15825;7757;42366;20955;56002;28215;55249;27807;42287;21618;25083;12915;15443;8075;9399;4925;183269;[31791, 26836, 25826, 25411, 25253, 26060, 22092];89684;[15644, 13205, 12510, 12561, 12373, 12647, 10744];90;47;77;293333;[50679, 42095, 39765, 40429, 40581, 42115, 37669];148028;[25539, 21222, 19972, 20445, 20529, 21314, 19007];0.029;0.434;0.165;0.511;0.094;0.485;0.53;0.522;0.182;0.491
61;63;npc_dota_hero_weaver;agi;Ranged;['Carry', 'Escape'];/apps/dota2/images/dota_react/heroes/weaver.png?;/apps/dota2/images/dota_react/heroes/icons/weaver.png?;120;1.25;75;0.5;1;25;37;43;16;17;20;2;3.3;2;425;900;1.8;120;0.55;275;;True;4;1800;800;Weaver;20914;10496;55489;27653;78060;38826;84412;42479;68057;34443;43207;22166;26884;13781;16270;8214;218308;[37632, 31876, 30884, 30306, 30544, 31597, 25469];111363;[19255, 16272, 15724, 15387, 15513, 16251, 12961];307;159;399;428802;[73040, 61152, 60848, 58953, 60669, 61792, 52348];216104;[36921, 30809, 30277, 29944, 30635, 31024, 26494];0.516;0.51;0.094;0.501;0.078;0.506;0.213;0.502;0.099;0.482
62;64;npc_dota_hero_jakiro;int;Ranged;['Support', 'Nuker', 'Pusher', 'Disabler'];/apps/dota2/images/dota_react/heroes/jakiro.png?;/apps/dota2/images/dota_react/heroes/icons/jakiro.png?;120;0.25;75;0;1;25;27;35;25;15;26;2.5;1.2;3;400;1100;1.7;100;0.4;290;0.8;True;2;1800;800;Jakiro;18795;9799;68908;35824;120102;61993;142426;72298;119401;59712;75820;37779;45570;22480;27926;13763;244630;[43268, 35067, 34224, 33401, 33611, 35272, 29787];125530;[22228, 18044, 17457, 17124, 17212, 18161, 15304];867;428;691;657682;[113088, 94764, 93579, 91912, 90828, 93449, 80062];333879;[57299, 48051, 47648, 46598, 46258, 47477, 40548];0.005;0.401;0.034;0.458;0.013;0.452;0.333;0.514;0.616;0.505
63;65;npc_dota_hero_batrider;all;Ranged;['Initiator', 'Disabler', 'Escape'];/apps/dota2/images/dota_react/heroes/batrider.png?;/apps/dota2/images/dota_react/heroes/icons/batrider.png?;120;1.75;75;0;2;25;-4;0;28;15;22;2.2;1.4;2;400;900;1.7;100;0.3;330;0.9;True;2;1600;800;Batrider;2034;854;5491;2306;7821;3286;8076;3312;6453;2705;4241;1863;2776;1220;2606;1238;35458;[6258, 5116, 5057, 4786, 5003, 5112, 4126];14054;[2414, 2007, 1988, 1909, 2001, 2111, 1624];134;74;105;46867;[8071, 6711, 6580, 6607, 6642, 6717, 5539];20169;[3479, 2850, 2834, 2872, 2826, 2923, 2385];0.012;0.415;0.22;0.431;0.129;0.384;0.384;0.433;0.255;0.42
64;66;npc_dota_hero_chen;all;Ranged;['Support', 'Pusher'];/apps/dota2/images/dota_react/heroes/chen.png?;/apps/dota2/images/dota_react/heroes/icons/chen.png?;120;0.25;75;0.5;-1;25;9;16;23;15;19;2;2.1;3.2;650;1100;1.7;100;0.5;305;;True;2;1800;800;Chen;1080;460;2445;1026;3080;1296;3106;1352;2473;1066;1630;738;1122;504;921;465;17808;[2967, 2607, 2584, 2373, 2569, 2669, 2039];7262;[1220, 1049, 1080, 958, 1023, 1088, 844];46;31;106;18384;[3111, 2703, 2576, 2563, 2664, 2615, 2152];8036;[1318, 1150, 1088, 1198, 1196, 1164, 922];0.02;0.394;0.038;0.406;0.023;0.475;0.27;0.431;0.649;0.483
65;67;npc_dota_hero_spectre;agi;Melee;['Carry', 'Durable', 'Escape'];/apps/dota2/images/dota_react/heroes/spectre.png?;/apps/dota2/images/dota_react/heroes/icons/spectre.png?;120;1;75;0;0;25;23;27;21;25;16;2.5;2.1;1.7;150;900;1.7;90;0.3;290;;True;0;1800;800;Spectre;13011;6833;42970;21851;64518;32153;66818;32762;49763;23918;27911;13413;14891;7217;6387;3098;145752;[25473, 21197, 20051, 19876, 19805, 21284, 18066];78026;[13469, 11495, 10728, 10589, 10693, 11379, 9673];150;75;108;306335;[51348, 43419, 42888, 42808, 42577, 44676, 38619];151542;[25289, 21643, 21135, 21233, 21133, 21963, 19146];0.884;0.488;0.039;0.506;0.051;0.469;0.009;0.402;0.016;0.421
66;68;npc_dota_hero_ancient_apparition;int;Ranged;['Support', 'Disabler', 'Nuker'];/apps/dota2/images/dota_react/heroes/ancient_apparition.png?;/apps/dota2/images/dota_react/heroes/icons/ancient_apparition.png?;120;0.25;75;0;-1;25;21;31;20;20;23;1.9;2.2;3.1;675;1250;1.7;100;0.45;285;;True;0;1800;800;Ancient Apparition;11717;5905;35734;18283;54259;28154;58329;30090;45135;22959;26899;13636;14274;7246;6317;3168;164225;[28439, 23426, 22994, 22814, 22956, 23798, 19798];85274;[14689, 12204, 11763, 11752, 12089, 12456, 10321];104;53;79;275457;[46825, 38393, 38207, 36985, 38994, 40524, 35529];140832;[23801, 19420, 19284, 18815, 20120, 20879, 18513];0.007;0.447;0.08;0.523;0.012;0.471;0.367;0.522;0.534;0.517
67;69;npc_dota_hero_doom_bringer;str;Melee;['Carry', 'Disabler', 'Initiator', 'Durable', 'Nuker'];/apps/dota2/images/dota_react/heroes/doom_bringer.png?;/apps/dota2/images/dota_react/heroes/icons/doom_bringer.png?;120;1.25;75;0;2;25;32;42;24;15;15;3.8;1.5;1.7;200;900;1.9;100;0.5;290;;True;2;1800;800;Doom;5591;2646;17537;8011;28588;13257;33951;15939;30064;14012;21241;10131;13815;6499;9019;4368;55739;[9959, 8096, 7704, 7475, 7557, 8008, 6940];26221;[4661, 3821, 3677, 3420, 3616, 3736, 3290];222;112;361;174014;[29840, 24692, 23999, 23878, 24022, 25028, 22555];81812;[14076, 11572, 11198, 11290, 11300, 11813, 10563];0.016;0.38;0.061;0.48;0.828;0.467;0.065;0.465;0.03;0.492
68;70;npc_dota_hero_ursa;agi;Melee;['Carry', 'Durable', 'Disabler'];/apps/dota2/images/dota_react/heroes/ursa.png?;/apps/dota2/images/dota_react/heroes/icons/ursa.png?;120;1;75;0;1;25;24;28;25;18;16;2.4;2.8;1.5;150;900;1.7;100;0.3;310;;True;2;1800;800;Ursa;17825;8213;52755;24937;83063;40698;100549;50205;91481;46702;64780;33619;42327;22068;27080;14168;167791;[29258, 24922, 24095, 23527, 23255, 23883, 18851];84302;[14829, 12733, 12451, 11892, 11445, 11788, 9164];477;260;1407;513031;[90166, 77106, 75143, 73855, 69060, 70717, 56984];256633;[45854, 39290, 38197, 37202, 33742, 34551, 27797];0.899;0.49;0.034;0.533;0.053;0.448;0.006;0.389;0.008;0.398
69;71;npc_dota_hero_spirit_breaker;str;Melee;['Carry', 'Initiator', 'Disabler', 'Durable', 'Escape'];/apps/dota2/images/dota_react/heroes/spirit_breaker.png?;/apps/dota2/images/dota_react/heroes/icons/spirit_breaker.png?;120;1.25;75;0.5;1;25;31;41;28;17;14;3.3;1.7;1.8;170;900;1.9;100;0.6;295;;True;2;1800;800;Spirit Breaker;25647;13058;72492;36682;103942;52232;109398;54508;82977;41387;48719;24068;25449;12489;12557;6185;293357;[50328, 42979, 41351, 40814, 41271, 42826, 33788];142160;[24336, 20797, 20117, 19845, 19963, 20744, 16358];338;170;449;524845;[90454, 76080, 73299, 72598, 73349, 76196, 62869];262854;[45210, 37979, 36555, 36422, 36832, 38104, 31752];0.01;0.438;0.047;0.486;0.284;0.479;0.516;0.513;0.143;0.494
70;72;npc_dota_hero_gyrocopter;agi;Ranged;['Carry', 'Nuker', 'Disabler'];/apps/dota2/images/dota_react/heroes/gyrocopter.png?;/apps/dota2/images/dota_react/heroes/icons/gyrocopter.png?;120;0.25;75;0;2;25;16;22;22;26;21;2.5;3.1;2.4;365;3000;1.7;125;0.2;320;;True;2;1800;800;Gyrocopter;6700;3102;21052;9952;36445;17135;44663;21235;37031;17426;22250;10641;12239;5798;6599;3109;104270;[18941, 15317, 14369, 14032, 14200, 14797, 12614];49277;[8969, 7105, 6791, 6625, 6769, 6940, 6078];187;88;176;209728;[36530, 31243, 29137, 28689, 28465, 29521, 26143];99438;[17349, 14779, 13687, 13564, 13523, 14042, 12494];0.395;0.459;0.08;0.429;0.051;0.412;0.307;0.509;0.168;0.488
71;73;npc_dota_hero_alchemist;str;Melee;['Carry', 'Support', 'Durable', 'Disabler', 'Initiator', 'Nuker'];/apps/dota2/images/dota_react/heroes/alchemist.png?;/apps/dota2/images/dota_react/heroes/icons/alchemist.png?;120;0.25;75;0;0;25;27;33;23;22;25;2.7;1.5;1.8;150;900;1.7;110;0.35;295;;True;2;1800;800;Alchemist;7314;3504;21946;10582;31394;15485;34913;17231;29841;15174;20237;10373;13356;6965;8618;4423;76423;[13145, 10859, 10583, 10761, 10868, 11049, 9158];36713;[6254, 5255, 4967, 5209, 5352, 5238, 4438];126;58;74;185905;[29333, 25056, 24406, 25005, 28300, 28817, 24988];92693;[14503, 12296, 12074, 12597, 14127, 14494, 12602];0.394;0.507;0.251;0.517;0.168;0.474;0.098;0.509;0.089;0.533
72;74;npc_dota_hero_invoker;all;Ranged;['Carry', 'Nuker', 'Disabler', 'Escape', 'Pusher'];/apps/dota2/images/dota_react/heroes/invoker.png?;/apps/dota2/images/dota_react/heroes/icons/invoker.png?;120;0.5;75;0;-1;25;3;11;19;14;19;2.6;1.8;4;600;900;1.7;100;0.4;285;;True;2;1800;800;Invoker;21274;9587;67517;30172;105671;48351;117614;53931;93203;43411;57224;27107;32177;15342;16719;8160;366316;[53985, 51211, 48903, 51064, 59505, 58717, 42931];166325;[24334, 22949, 21977, 22993, 27303, 26891, 19878];297;152;393;546729;[82142, 73243, 71610, 74445, 90077, 87304, 67908];252232;[37668, 33592, 32629, 34212, 41896, 40567, 31668];0.008;0.44;0.691;0.472;0.016;0.444;0.188;0.469;0.096;0.458
73;75;npc_dota_hero_silencer;int;Ranged;['Carry', 'Support', 'Disabler', 'Initiator', 'Nuker'];/apps/dota2/images/dota_react/heroes/silencer.png?;/apps/dota2/images/dota_react/heroes/icons/silencer.png?;120;0.25;75;0;0;25;18;32;19;22;25;2.2;2.4;2.9;600;900;1.6;100;0.5;290;;True;2;1800;800;Silencer;18187;9950;59404;31871;84291;44377;82350;42803;58357;29681;31598;15770;15943;7905;6372;3032;208309;[36672, 29990, 29328, 28147, 28186, 30165, 25821];121110;[21392, 17415, 16961, 16394, 16392, 17694, 14862];113;46;148;382410;[66678, 53542, 52633, 51928, 52208, 55088, 50333];199518;[34878, 28248, 27496, 27006, 27236, 28475, 26179];0.034;0.516;0.178;0.515;0.031;0.502;0.399;0.519;0.358;0.512
74;76;npc_dota_hero_obsidian_destroyer;int;Ranged;['Carry', 'Nuker', 'Disabler'];/apps/dota2/images/dota_react/heroes/obsidian_destroyer.png?;/apps/dota2/images/dota_react/heroes/icons/obsidian_destroyer.png?;120;1;75;0;1;25;19;31;21;22;30;2.9;1.6;4.2;450;900;1.9;100;0.46;315;;True;4;1800;800;Outworld Devourer;9533;4726;28288;14286;44671;23190;53260;28115;45098;23707;28034;14655;16598;8654;7829;3992;91225;[15837, 13282, 12745, 12592, 12374, 13167, 11228];46669;[8127, 6768, 6473, 6425, 6393, 6723, 5760];187;92;766;253372;[43091, 35668, 34730, 34874, 35171, 37018, 32820];131356;[22297, 18389, 18138, 18051, 18298, 19150, 17033];0.016;0.461;0.927;0.522;0.027;0.449;0.018;0.434;0.011;0.407
75;77;npc_dota_hero_lycan;all;Melee;['Carry', 'Pusher', 'Durable', 'Escape'];/apps/dota2/images/dota_react/heroes/lycan.png?;/apps/dota2/images/dota_react/heroes/icons/lycan.png?;120;0.25;75;0;0;25;4;9;26;18;23;3;1.8;1.2;150;900;1.7;110;0.55;305;;True;2;1800;800;Lycan;4760;2345;14230;7013;20093;10081;20642;10223;15907;7789;10210;5017;6434;3169;4060;2103;54775;[10074, 8295, 7725, 7537, 7409, 7517, 6218];27413;[5033, 4191, 3810, 3809, 3717, 3821, 3032];62;29;109;109362;[19997, 16849, 15183, 15231, 14726, 15018, 12358];54213;[9957, 8353, 7491, 7523, 7290, 7508, 6091];0.14;0.507;0.245;0.557;0.581;0.493;0.023;0.411;0.012;0.419
76;78;npc_dota_hero_brewmaster;all;Melee;['Carry', 'Initiator', 'Durable', 'Disabler', 'Nuker'];/apps/dota2/images/dota_react/heroes/brewmaster.png?;/apps/dota2/images/dota_react/heroes/icons/brewmaster.png?;120;0.5;75;0;0;25;9;16;23;19;15;3.7;2;1.6;150;900;1.7;100;0.35;310;;True;2;1800;800;Brewmaster;1854;882;5348;2567;7566;3699;8454;4065;7324;3573;5130;2516;3934;1888;3261;1668;25744;[4304, 3811, 3603, 3623, 3631, 3764, 3008];12282;[2008, 1888, 1708, 1741, 1715, 1785, 1437];132;65;330;46978;[8092, 6969, 6689, 6550, 6511, 6726, 5441];22804;[3906, 3316, 3270, 3184, 3240, 3297, 2591];0.013;0.413;0.062;0.511;0.848;0.497;0.049;0.439;0.027;0.422
77;79;npc_dota_hero_shadow_demon;int;Ranged;['Support', 'Disabler', 'Initiator', 'Nuker'];/apps/dota2/images/dota_react/heroes/shadow_demon.png?;/apps/dota2/images/dota_react/heroes/icons/shadow_demon.png?;120;0.25;75;0;0;25;29;33;23;18;22;2.6;2.2;3.6;500;900;1.7;100;0.35;290;;True;2;1800;800;Shadow Demon;2931;1270;8966;4226;14726;7013;18063;9023;16373;8197;11688;5925;8376;4305;6335;3372;37256;[6170, 5125, 4953, 4935, 5609, 5740, 4724];17014;[2808, 2316, 2255, 2281, 2493, 2616, 2245];203;105;199;101288;[16175, 14213, 14099, 13613, 14243, 15372, 13573];49909;[7993, 7116, 6859, 6663, 6959, 7694, 6625];0.005;0.284;0.039;0.441;0.011;0.373;0.42;0.513;0.525;0.502
78;80;npc_dota_hero_lone_druid;all;Ranged;['Carry', 'Pusher', 'Durable'];/apps/dota2/images/dota_react/heroes/lone_druid.png?;/apps/dota2/images/dota_react/heroes/icons/lone_druid.png?;120;0.25;75;0;0;25;1;5;20;20;13;1.8;2;2;550;900;1.6;100;0.33;325;;True;2;1800;800;Lone Druid;3510;1630;9184;4518;12704;6381;13470;6730;11399;5764;7277;3748;5381;2840;3138;1595;30585;[0, 0, 7309, 6467, 6083, 5994, 4732];12307;[0, 0, 2940, 2600, 2471, 2401, 1895];66;34;133;71356;[0, 0, 15541, 15121, 14277, 14391, 12026];35844;[0, 0, 7743, 7631, 7110, 7254, 6106];0.141;0.487;0.616;0.552;0.2;0.474;0.025;0.421;0.018;0.4
79;81;npc_dota_hero_chaos_knight;str;Melee;['Carry', 'Disabler', 'Durable', 'Pusher', 'Initiator'];/apps/dota2/images/dota_react/heroes/chaos_knight.png?;/apps/dota2/images/dota_react/heroes/icons/chaos_knight.png?;120;0.25;75;0;2;25;24;54;24;18;18;3.1;1.4;1.2;150;900;1.7;100;0.5;325;;True;2;1800;800;Chaos Knight;15410;7773;39810;19834;50241;24677;47081;22880;33152;16174;18423;8940;10716;5272;6385;3246;126077;[22342, 18686, 17591, 17702, 17114, 17766, 14876];65982;[11723, 9777, 9280, 9258, 8928, 9234, 7782];252;116;321;253077;[44173, 36729, 35463, 35420, 34606, 36356, 30330];124781;[21584, 18053, 17551, 17315, 17274, 17936, 15068];0.428;0.51;0.025;0.516;0.512;0.485;0.022;0.448;0.013;0.467
80;82;npc_dota_hero_meepo;agi;Melee;['Carry', 'Escape', 'Nuker', 'Disabler', 'Initiator', 'Pusher'];/apps/dota2/images/dota_react/heroes/meepo.png?;/apps/dota2/images/dota_react/heroes/icons/meepo.png?;120;0.25;75;0.25;4;25;29;35;24;17;18;2.2;2.1;1.9;150;900;1.7;100;0.38;320;0.9;True;2;1800;800;Meepo;4570;2149;9391;4453;11479;5513;10664;5252;8475;4156;5116;2563;3480;1775;2398;1233;48267;[8009, 7587, 7019, 6682, 6804, 7048, 5118];20939;[3507, 3311, 3050, 2807, 2935, 3132, 2197];44;20;82;63576;[10327, 9749, 9124, 9026, 8918, 9371, 7061];30882;[5017, 4715, 4365, 4392, 4399, 4559, 3435];0.132;0.472;0.779;0.537;0.055;0.446;0.019;0.341;0.015;0.373
81;83;npc_dota_hero_treant;str;Melee;['Support', 'Initiator', 'Durable', 'Disabler', 'Escape'];/apps/dota2/images/dota_react/heroes/treant.png?;/apps/dota2/images/dota_react/heroes/icons/treant.png?;120;0.25;75;0.25;-1;25;60;68;25;15;20;3.4;1.8;1.8;150;900;1.9;100;0.6;280;;True;2;1800;800;Treant Protector;8283;4221;26531;13482;40589;20512;44615;22784;36855;19372;24828;13101;17202;9188;12888;6952;106115;[18735, 15442, 14986, 14374, 14617, 15237, 12724];51210;[9055, 7324, 7261, 6975, 7162, 7260, 6173];216;101;94;224951;[37473, 32065, 31060, 31362, 31873, 33158, 27960];116201;[19260, 16601, 16166, 16101, 16442, 17174, 14457];0.008;0.393;0.005;0.421;0.038;0.439;0.302;0.513;0.647;0.532
82;84;npc_dota_hero_ogre_magi;str;Melee;['Support', 'Nuker', 'Disabler', 'Durable', 'Initiator'];/apps/dota2/images/dota_react/heroes/ogre_magi.png?;/apps/dota2/images/dota_react/heroes/icons/ogre_magi.png?;120;1.5;120;0;4;25;44;50;23;14;0;4.2;1.5;0;150;900;1.7;100;0.3;290;;True;2;1800;800;Ogre Magi;31002;16289;98145;50905;140043;71516;139158;71361;97801;49754;52908;26933;25913;13050;10676;5450;428967;[75639, 62088, 59880, 58938, 58743, 61488, 52191];225238;[39689, 32436, 31720, 30985, 30710, 32415, 27283];315;153;47;645084;[110037, 92163, 88955, 89202, 89864, 93554, 81309];330768;[56706, 47134, 45630, 45600, 46238, 47971, 41489];0.01;0.441;0.096;0.496;0.16;0.485;0.355;0.522;0.379;0.521
83;85;npc_dota_hero_undying;str;Melee;['Support', 'Durable', 'Disabler', 'Nuker'];/apps/dota2/images/dota_react/heroes/undying.png?;/apps/dota2/images/dota_react/heroes/icons/undying.png?;120;-0.25;75;0.25;1;25;31;39;22;10;27;2.4;1.2;2.8;150;900;1.7;100;0.3;300;;True;2;1800;800;Undying;13917;7141;45409;23728;65114;34011;63985;33384;45095;23532;24396;12629;13051;6820;5866;2934;147039;[26076, 21060, 20729, 20164, 20075, 21047, 17888];77485;[13808, 11134, 10959, 10502, 10577, 11062, 9443];135;70;78;297844;[51387, 42626, 42118, 40770, 40999, 43011, 36933];154974;[26847, 22198, 21793, 21195, 21344, 22356, 19241];0.011;0.499;0.019;0.478;0.247;0.513;0.387;0.532;0.336;0.523
84;86;npc_dota_hero_rubick;int;Ranged;['Support', 'Disabler', 'Nuker'];/apps/dota2/images/dota_react/heroes/rubick.png?;/apps/dota2/images/dota_react/heroes/icons/rubick.png?;120;0.25;75;0.5;1;25;27;33;21;23;25;2;2.5;3.7;550;1125;1.7;100;0.4;290;0.7;True;2;1800;800;Rubick;21231;10084;75714;35362;133280;62864;168893;80315;151253;72783;101805;49517;61299;29755;37008;18243;415021;[69541, 59518, 57791, 57741, 58675, 61704, 50051];197079;[33212, 28425, 27393, 27624, 27677, 29062, 23686];845;472;631;785491;[131539, 113592, 110834, 109617, 109860, 114298, 95751];375651;[63183, 54281, 53195, 52369, 52426, 54308, 45889];0.005;0.373;0.192;0.48;0.019;0.424;0.48;0.483;0.305;0.463
85;87;npc_dota_hero_disruptor;int;Ranged;['Support', 'Disabler', 'Nuker', 'Initiator'];/apps/dota2/images/dota_react/heroes/disruptor.png?;/apps/dota2/images/dota_react/heroes/icons/disruptor.png?;120;0.25;75;0;0;25;27;31;21;15;20;2.4;1.4;2.9;625;1200;1.7;100;0.4;295;;True;2;1800;800;Disruptor;7293;3542;26917;13431;46805;23342;57497;28960;48871;24713;31007;15730;18017;9191;8780;4456;87133;[15650, 12308, 11905, 11802, 11817, 12679, 10972];41793;[7476, 5896, 5717, 5724, 5691, 6109, 5180];254;121;123;264241;[45218, 37478, 36893, 36107, 36515, 38177, 33853];132926;[22775, 18826, 18556, 18146, 18490, 19105, 17028];0.002;0.329;0.007;0.465;0.004;0.309;0.297;0.498;0.69;0.5
86;88;npc_dota_hero_nyx_assassin;all;Melee;['Disabler', 'Nuker', 'Initiator', 'Escape'];/apps/dota2/images/dota_react/heroes/nyx_assassin.png?;/apps/dota2/images/dota_react/heroes/icons/nyx_assassin.png?;120;2;75;0;1;25;12;16;17;18;21;2.5;2.3;2.5;150;900;1.7;100;0.46;310;;True;6;1800;800;Nyx Assassin;12775;6319;41864;21145;68277;34392;80323;40061;70312;35314;45488;22689;27503;13689;16325;8073;190416;[32913, 27670, 26446, 26044, 26473, 27658, 23212];91818;[15726, 13402, 12712, 12498, 12708, 13421, 11351];258;130;483;390163;[66360, 55923, 52748, 52742, 54323, 57895, 50172];195479;[33020, 27822, 26136, 26445, 27359, 29297, 25400];0.016;0.416;0.152;0.498;0.096;0.485;0.546;0.512;0.191;0.493
87;89;npc_dota_hero_naga_siren;agi;Melee;['Carry', 'Support', 'Pusher', 'Disabler', 'Initiator', 'Escape'];/apps/dota2/images/dota_react/heroes/naga_siren.png?;/apps/dota2/images/dota_react/heroes/icons/naga_siren.png?;120;1;75;0;1;25;23;25;21;21;21;2.4;3.3;2;150;900;1.7;110;0.5;330;;True;0;1800;800;Naga Siren;5466;2660;11788;5559;12149;5630;10258;4775;7124;3350;3856;1745;2283;1084;1825;884;55935;[9642, 8159, 7952, 7762, 7984, 8085, 6351];26897;[4684, 3886, 3809, 3723, 3884, 3854, 3057];52;31;87;67572;[11020, 9632, 9336, 9298, 9975, 10168, 8143];31952;[5174, 4521, 4426, 4397, 4767, 4851, 3816];0.723;0.468;0.009;0.556;0.077;0.45;0.097;0.486;0.095;0.443
88;90;npc_dota_hero_keeper_of_the_light;int;Ranged;['Support', 'Nuker', 'Disabler'];/apps/dota2/images/dota_react/heroes/keeper_of_the_light.png?;/apps/dota2/images/dota_react/heroes/icons/keeper_of_the_light.png?;120;0.25;75;0;0;25;20;27;18;15;23;2.3;1.6;3.2;600;900;1.7;100;0.3;320;0.7;True;2;1800;800;Keeper of the Light;4162;1795;11105;4998;15501;7036;15938;7445;11938;5703;7059;3487;4200;2074;2704;1339;50228;[8609, 7293, 7004, 6934, 7006, 7260, 6122];21690;[3728, 3182, 3036, 2938, 3018, 3172, 2616];67;26;65;89231;[15353, 13211, 12582, 12268, 12169, 12865, 10783];41696;[7167, 6252, 5921, 5643, 5691, 5972, 5050];0.019;0.399;0.304;0.483;0.045;0.43;0.356;0.479;0.275;0.455
89;91;npc_dota_hero_wisp;all;Ranged;['Support', 'Escape', 'Nuker'];/apps/dota2/images/dota_react/heroes/wisp.png?;/apps/dota2/images/dota_react/heroes/icons/wisp.png?;120;0.25;75;0;1;25;4;10;17;14;23;2.7;1.6;1.7;500;1200;1.7;100;0.3;320;0.7;True;0;1800;800;Io;7571;3690;20496;10236;26739;13288;27125;13375;20676;10381;12957;6655;7881;3887;5078;2651;96382;[16439, 14438, 13884, 13351, 13606, 13971, 10693];47491;[8001, 7120, 6824, 6672, 6773, 6901, 5200];101;40;143;139559;[23214, 21119, 20405, 20373, 19675, 19894, 14879];69633;[11537, 10532, 10207, 10324, 9905, 9865, 7263];0.011;0.464;0.036;0.41;0.01;0.418;0.225;0.494;0.717;0.517
90;92;npc_dota_hero_visage;all;Ranged;['Support', 'Nuker', 'Durable', 'Disabler', 'Pusher'];/apps/dota2/images/dota_react/heroes/visage.png?;/apps/dota2/images/dota_react/heroes/icons/visage.png?;120;0.25;75;0;0;25;4;14;22;11;22;2.4;1;2.4;600;1400;1.7;110;0.4;285;;True;2;1800;800;Visage;4429;2190;13386;6542;19340;9578;22411;11193;21168;10679;15908;8121;12525;6523;10626;5641;47391;[6551, 6703, 7250, 6801, 7081, 7426, 5579];22505;[2986, 3188, 3522, 3167, 3328, 3658, 2656];184;96;349;126390;[19037, 17645, 18794, 17653, 19217, 18958, 15086];63698;[9649, 8984, 9435, 8822, 9604, 9580, 7624];0.008;0.476;0.23;0.565;0.356;0.534;0.261;0.477;0.145;0.466
91;93;npc_dota_hero_slark;agi;Melee;['Carry', 'Escape', 'Disabler', 'Nuker'];/apps/dota2/images/dota_react/heroes/slark.png?;/apps/dota2/images/dota_react/heroes/icons/slark.png?;120;0.25;75;0;0;25;37;43;20;21;16;2.1;1.5;1.9;150;0;1.7;120;0.5;300;0.7;True;2;1800;1800;Slark;19932;10371;62894;31829;94256;46786;98918;48949;76518;37805;47476;23731;28260;14181;15668;7973;208921;[35018, 30182, 29508, 28578, 29523, 30241, 25871];105734;[17676, 15270, 14961, 14560, 14868, 15351, 13048];231;121;526;481704;[80108, 68668, 67622, 66577, 68022, 70300, 60407];241212;[40351, 34312, 33994, 33230, 34246, 34962, 30117];0.868;0.495;0.052;0.53;0.043;0.498;0.014;0.438;0.023;0.419
92;94;npc_dota_hero_medusa;agi;Ranged;['Carry', 'Disabler', 'Durable'];/apps/dota2/images/dota_react/heroes/medusa.png?;/apps/dota2/images/dota_react/heroes/icons/medusa.png?;120;0.25;75;0;-1;25;26;32;0;22;25;0;3.6;3.6;600;1200;1.7;100;0.5;275;;True;0;1800;800;Medusa;13249;7220;41795;22949;64976;35618;72905;39792;58333;31732;34404;18176;18762;9880;8769;4452;130412;[23708, 18758, 17599, 17777, 16958, 18898, 16714];76017;[13788, 10876, 10296, 10320, 10027, 10937, 9773];162;86;284;335896;[58741, 46891, 45297, 44484, 44888, 49575, 46020];181984;[31698, 25363, 24326, 24108, 24417, 27053, 25019];0.715;0.556;0.182;0.532;0.055;0.509;0.026;0.494;0.022;0.484
93;95;npc_dota_hero_troll_warlord;agi;Ranged;['Carry', 'Pusher', 'Disabler', 'Durable'];/apps/dota2/images/dota_react/heroes/troll_warlord.png?;/apps/dota2/images/dota_react/heroes/icons/troll_warlord.png?;120;0.25;75;0;-1;25;27;35;21;23;13;2.5;3.3;1;500;1200;1.7;100;0.3;290;;True;2;1800;800;Troll Warlord;15232;7983;35147;18231;40896;20674;39683;19932;32074;15824;21667;10680;14172;6965;9720;4618;102145;[17304, 14612, 14314, 14592, 14508, 14979, 11836];53305;[8966, 7690, 7376, 7678, 7661, 7858, 6076];248;132;646;233561;[40774, 34451, 33320, 32527, 32654, 32863, 26972];117769;[20397, 17336, 16768, 16428, 16630, 16749, 13461];0.885;0.516;0.035;0.494;0.049;0.465;0.014;0.42;0.018;0.419
94;96;npc_dota_hero_centaur;str;Melee;['Durable', 'Initiator', 'Disabler', 'Nuker', 'Escape'];/apps/dota2/images/dota_react/heroes/centaur.png?;/apps/dota2/images/dota_react/heroes/icons/centaur.png?;120;3;75;0;-2;25;36;38;27;15;15;4;1;1.6;150;900;1.7;90;0.3;305;;True;4;1800;800;Centaur Warrunner;9130;4775;33356;17444;58245;30535;69559;35954;59234;30676;37898;19341;22509;11555;11139;5719;88898;[15514, 12484, 12128, 12052, 12034, 12860, 11826];47440;[8335, 6648, 6521, 6535, 6405, 6797, 6199];415;211;271;323864;[55534, 46146, 45595, 44229, 43691, 46718, 41951];167751;[29128, 24034, 23594, 22803, 22443, 24193, 21556];0.007;0.448;0.01;0.47;0.945;0.516;0.026;0.496;0.012;0.478
95;97;npc_dota_hero_magnataur;all;Melee;['Initiator', 'Disabler', 'Nuker', 'Escape'];/apps/dota2/images/dota_react/heroes/magnataur.png?;/apps/dota2/images/dota_react/heroes/icons/magnataur.png?;120;0.5;75;0.5;1;25;9;17;25;9;20;3.1;2;1.6;200;900;1.8;100;0.5;305;0.8;True;4;1800;800;Magnus;4436;1971;17554;7770;35488;16061;48704;22449;45845;21613;30898;14732;17469;8503;7756;3772;108747;[18609, 15547, 14716, 14764, 15639, 16246, 13226];47790;[8086, 6685, 6372, 6437, 6981, 7305, 5924];108;51;72;222416;[36027, 30720, 29564, 30515, 33030, 34323, 28237];103569;[16444, 13911, 13473, 14056, 15699, 16615, 13371];0.017;0.47;0.149;0.468;0.496;0.474;0.19;0.483;0.148;0.49
96;98;npc_dota_hero_shredder;str;Melee;['Nuker', 'Durable', 'Escape'];/apps/dota2/images/dota_react/heroes/shredder.png?;/apps/dota2/images/dota_react/heroes/icons/shredder.png?;120;0.25;75;0.5;0;25;23;27;27;16;23;3.5;1.6;2.7;150;900;1.7;100;0.36;285;;True;2;1800;800;Timbersaw;12392;6405;36106;18320;53278;26971;61934;31026;52644;26142;36482;18124;23468;11583;16639;8098;105067;[17220, 15297, 14831, 14881, 15102, 15762, 11974];54837;[8794, 7984, 7827, 7818, 7887, 8226, 6301];324;152;313;315695;[51832, 45712, 44788, 44782, 45310, 45963, 37308];158306;[25868, 22883, 22369, 22585, 22843, 23140, 18618];0.011;0.466;0.16;0.537;0.794;0.499;0.024;0.452;0.01;0.459
97;99;npc_dota_hero_bristleback;str;Melee;['Carry', 'Durable', 'Initiator', 'Nuker'];/apps/dota2/images/dota_react/heroes/bristleback.png?;/apps/dota2/images/dota_react/heroes/icons/bristleback.png?;120;1;75;0.4;1;25;31;37;22;17;14;2.7;1.8;2.8;150;900;1.8;100;0.3;295;0.9;True;2;1800;800;Bristleback;24828;13371;57099;29119;64385;31522;53797;25698;34009;16044;17723;8387;8903;4196;4960;2461;171314;[29433, 24921, 24117, 23522, 23943, 25181, 20197];96347;[16498, 14201, 13622, 13149, 13566, 14065, 11246];144;59;168;305467;[51375, 43807, 42678, 42318, 43031, 45123, 37135];151898;[25463, 21805, 21233, 20974, 21563, 22388, 18472];0.054;0.518;0.038;0.513;0.85;0.492;0.04;0.471;0.019;0.501
98;100;npc_dota_hero_tusk;str;Melee;['Initiator', 'Disabler', 'Nuker'];/apps/dota2/images/dota_react/heroes/tusk.png?;/apps/dota2/images/dota_react/heroes/icons/tusk.png?;120;1;75;0.5;1;25;27;31;23;23;18;3.9;2.1;1.7;150;900;1.7;100;0.36;310;0.7;True;2;1800;800;Tusk;5197;2212;15282;6594;25331;10916;31347;14055;29130;13174;20613;9441;12977;6140;8052;3892;95633;[16173, 13779, 13260, 13299, 13750, 13894, 11478];41078;[7001, 5876, 5518, 5742, 6004, 5993, 4944];174;90;54;161236;[26597, 22962, 22269, 22084, 23944, 23956, 19424];72510;[11804, 10341, 9880, 9917, 10946, 10699, 8923];0.014;0.387;0.086;0.458;0.199;0.429;0.484;0.46;0.216;0.466
99;101;npc_dota_hero_skywrath_mage;int;Ranged;['Support', 'Nuker', 'Disabler'];/apps/dota2/images/dota_react/heroes/skywrath_mage.png?;/apps/dota2/images/dota_react/heroes/icons/skywrath_mage.png?;120;0.25;75;0.25;-2;25;16;26;21;13;23;2;0.8;4.1;625;1000;1.7;90;0.4;325;;True;2;1800;800;Skywrath Mage;16648;8692;47536;24868;65088;33532;63977;32942;46667;23923;27341;13964;15155;7764;7358;3733;177081;[30731, 26100, 24573, 24551, 24741, 25578, 20807];92997;[16259, 13816, 12889, 12912, 12915, 13347, 10859];184;106;77;316155;[54393, 45027, 43764, 43876, 43802, 46347, 38946];163156;[28090, 23215, 22724, 22605, 22633, 23810, 20079];0.004;0.443;0.11;0.504;0.011;0.469;0.511;0.525;0.365;0.498
100;102;npc_dota_hero_abaddon;all;Melee;['Support', 'Carry', 'Durable'];/apps/dota2/images/dota_react/heroes/abaddon.png?;/apps/dota2/images/dota_react/heroes/icons/abaddon.png?;120;1;75;0.25;0;25;-4;6;22;23;19;2.2;1.3;1.6;150;900;1.5;95;0.56;325;0.6;True;2;1800;800;Abaddon;9122;4939;29917;16390;51508;28752;66545;37457;61023;34132;42595;23864;27881;15580;13300;7304;109577;[19455, 15543, 15145, 15280, 14905, 15725, 13524];62240;[11105, 8782, 8632, 8674, 8468, 8923, 7656];197;98;188;321842;[55368, 45293, 45136, 44834, 43427, 45875, 41909];179048;[30760, 25433, 25085, 24968, 24116, 25268, 23418];0.035;0.529;0.023;0.485;0.212;0.532;0.269;0.573;0.46;0.57
101;103;npc_dota_hero_elder_titan;str;Melee;['Initiator', 'Disabler', 'Nuker', 'Durable'];/apps/dota2/images/dota_react/heroes/elder_titan.png?;/apps/dota2/images/dota_react/heroes/icons/elder_titan.png?;120;0.75;75;0.25;0;25;23;33;26;16;23;3;1.8;1.6;150;900;1.7;100;0.35;310;;True;2;1800;800;Elder Titan;2954;1416;8182;3904;11302;5602;11548;5827;9699;4924;6612;3406;4847;2491;3636;1926;43725;[7793, 6540, 6257, 6025, 5935, 6119, 5056];21766;[3864, 3326, 3126, 2994, 3002, 3022, 2432];70;34;49;73418;[12843, 11072, 10812, 10443, 9973, 10018, 8257];36770;[6370, 5528, 5509, 5200, 5034, 4993, 4136];0.033;0.51;0.043;0.491;0.42;0.484;0.258;0.519;0.246;0.53
102;104;npc_dota_hero_legion_commander;str;Melee;['Carry', 'Disabler', 'Initiator', 'Durable', 'Nuker'];/apps/dota2/images/dota_react/heroes/legion_commander.png?;/apps/dota2/images/dota_react/heroes/icons/legion_commander.png?;120;0.25;75;0;0;25;33;37;23;18;20;3.1;1.7;2.2;150;900;1.7;100;0.46;325;;True;2;1800;800;Legion Commander;27999;14780;87053;45919;130055;68464;137936;73174;107881;57162;64213;33930;36279;19170;17000;8869;207165;[35244, 30294, 29561, 29184, 28708, 29850, 24324];101010;[17086, 14851, 14319, 14285, 14031, 14666, 11772];349;196;397;656871;[110453, 94482, 92963, 91809, 92772, 95538, 78854];347029;[58561, 49757, 49111, 48575, 49057, 50392, 41576];0.063;0.504;0.079;0.537;0.831;0.535;0.018;0.444;0.008;0.429
103;105;npc_dota_hero_techies;all;Ranged;['Nuker', 'Disabler'];/apps/dota2/images/dota_react/heroes/techies.png?;/apps/dota2/images/dota_react/heroes/icons/techies.png?;120;1;75;1;2;25;3;5;19;14;25;2.5;1.3;3;600;900;1.7;90;0.5;300;;True;6;1800;800;Techies;17495;8485;48014;23057;66035;31049;67840;31517;51168;23524;29579;13574;15349;7018;7002;3158;216798;[36569, 31294, 30483, 30649, 31051, 31821, 24931];96006;[16140, 13751, 13468, 13752, 13838, 14139, 10918];152;67;127;327055;[54404, 47632, 45531, 46024, 46850, 47893, 38721];153344;[25286, 22343, 21402, 21753, 22019, 22396, 18145];0.014;0.399;0.083;0.418;0.03;0.405;0.497;0.483;0.376;0.471
104;106;npc_dota_hero_ember_spirit;agi;Melee;['Carry', 'Escape', 'Nuker', 'Disabler', 'Initiator'];/apps/dota2/images/dota_react/heroes/ember_spirit.png?;/apps/dota2/images/dota_react/heroes/icons/ember_spirit.png?;120;0.5;75;0;0;25;33;37;22;22;20;2.6;3.2;2.2;150;900;1.7;100;0.4;300;0.8;True;2;1800;800;Ember Spirit;12236;5704;42451;20597;76301;38138;103505;53295;100191;52563;72985;38829;47714;25597;32366;17338;147644;[26207, 22255, 21738, 21438, 19745, 19603, 16658];69566;[12667, 10845, 10586, 10298, 8761, 8808, 7601];570;303;921;517463;[92186, 80621, 78480, 77725, 65174, 66127, 57150];266472;[49110, 42862, 41637, 41041, 31485, 32261, 28076];0.046;0.426;0.909;0.491;0.026;0.474;0.013;0.44;0.006;0.452
105;107;npc_dota_hero_earth_spirit;str;Melee;['Nuker', 'Escape', 'Disabler', 'Initiator', 'Durable'];/apps/dota2/images/dota_react/heroes/earth_spirit.png?;/apps/dota2/images/dota_react/heroes/icons/earth_spirit.png?;120;1;75;0;0;25;25;35;22;17;18;3.8;2.4;2.1;150;900;1.7;100;0.35;290;;True;2;1800;800;Earth Spirit;3374;1533;10719;4881;17514;8203;22458;10755;21081;10282;15556;7695;9863;4938;6317;3172;57515;[9544, 8565, 8310, 8238, 8099, 8293, 6466];25636;[4235, 3827, 3645, 3707, 3605, 3688, 2929];122;60;78;114412;[18945, 16725, 16587, 16087, 16280, 16796, 12992];54914;[9041, 7925, 7895, 7727, 7848, 8129, 6349];0.006;0.336;0.312;0.538;0.15;0.491;0.404;0.478;0.129;0.451
106;108;npc_dota_hero_abyssal_underlord;str;Melee;['Support', 'Nuker', 'Disabler', 'Durable', 'Escape'];/apps/dota2/images/dota_react/heroes/abyssal_underlord.png?;/apps/dota2/images/dota_react/heroes/icons/abyssal_underlord.png?;120;0.25;75;0;3;25;37;43;25;12;17;3;1.6;2.3;200;900;1.7;100;0.45;290;;True;2;1800;800;Underlord;6878;3623;23503;12529;41208;22074;53037;28402;50421;26928;35498;18888;22490;11790;12361;6310;89323;[15979, 12495, 12246, 12032, 11991, 12815, 11765];48870;[8642, 6696, 6789, 6623, 6595, 7043, 6482];279;146;273;258249;[45745, 36778, 35627, 35089, 34818, 36699, 33493];137396;[24585, 19526, 19007, 18576, 18298, 19505, 17899];0.008;0.476;0.021;0.483;0.892;0.534;0.051;0.509;0.028;0.509
107;109;npc_dota_hero_terrorblade;agi;Melee;['Carry', 'Pusher', 'Nuker'];/apps/dota2/images/dota_react/heroes/terrorblade.png?;/apps/dota2/images/dota_react/heroes/icons/terrorblade.png?;120;1.5;75;0;5;25;28;34;18;22;19;2;4;1.6;150;900;1.5;110;0.3;315;0.8;True;2;1800;800;Terrorblade;6810;3147;16628;7538;20509;9086;19521;8640;15130;6911;9430;4306;6291;2898;5320;2487;89416;[14942, 13277, 12225, 12429, 13186, 13057, 10300];40588;[6790, 5933, 5534, 5660, 5978, 5989, 4704];93;52;78;112765;[18961, 16584, 15756, 16031, 16054, 16305, 13074];51148;[8687, 7483, 7219, 7101, 7234, 7493, 5931];0.751;0.468;0.027;0.42;0.043;0.416;0.108;0.429;0.072;0.399
108;110;npc_dota_hero_phoenix;all;Ranged;['Support', 'Nuker', 'Initiator', 'Escape', 'Disabler'];/apps/dota2/images/dota_react/heroes/phoenix.png?;/apps/dota2/images/dota_react/heroes/icons/phoenix.png?;120;2;75;0;-1;25;9;19;23;12;16;3.3;1.5;1.8;525;1100;1.7;100;0.35;280;0.9;True;2;1800;800;Phoenix;6311;2983;22027;10781;39122;19227;48376;23759;44095;21622;31611;15484;21403;10534;14635;7228;88458;[15803, 13011, 12560, 12133, 12282, 12467, 10202];42423;[7644, 6235, 6041, 5868, 5915, 5936, 4784];328;158;681;244636;[42558, 35925, 34909, 34106, 33867, 34659, 28612];119815;[20938, 17657, 16932, 16733, 16742, 16869, 13944];0.004;0.402;0.144;0.522;0.14;0.493;0.403;0.497;0.309;0.475
109;111;npc_dota_hero_oracle;int;Ranged;['Support', 'Nuker', 'Disabler', 'Escape'];/apps/dota2/images/dota_react/heroes/oracle.png?;/apps/dota2/images/dota_react/heroes/icons/oracle.png?;120;0.25;75;0.5;1;25;13;19;20;15;26;2.4;1.7;3.8;620;900;1.7;100;0.3;295;0.7;True;2;1800;800;Oracle;4758;2279;16160;8224;28907;15324;37330;20022;34119;18579;25110;13636;16698;8983;10443;5598;77843;[13361, 11200, 11051, 10534, 10954, 11717, 9026];40264;[6964, 5743, 5763, 5442, 5656, 6100, 4596];172;79;174;182173;[31011, 26123, 25962, 25360, 25698, 26653, 21366];96865;[16473, 13931, 13755, 13510, 13689, 14136, 11371];0.003;0.38;0.043;0.502;0.007;0.476;0.242;0.539;0.704;0.537
110;112;npc_dota_hero_winter_wyvern;all;Ranged;['Support', 'Disabler', 'Nuker'];/apps/dota2/images/dota_react/heroes/winter_wyvern.png?;/apps/dota2/images/dota_react/heroes/icons/winter_wyvern.png?;120;0.25;75;0.5;1;25;-1;4;20;16;26;2.2;1.5;2.8;425;700;1.7;90;0.25;285;;True;2;1800;1200;Winter Wyvern;5952;2891;19014;9255;28105;13849;30663;15320;25053;12561;16663;8579;11149;5743;7702;4068;84165;[14842, 12252, 11591, 11500, 11578, 12184, 10218];41588;[7415, 6036, 5872, 5627, 5707, 5926, 5005];84;47;230;155807;[27264, 22633, 22223, 22164, 21314, 22002, 18207];77860;[13569, 11193, 11265, 11107, 10673, 10921, 9132];0.012;0.498;0.085;0.532;0.107;0.523;0.337;0.496;0.46;0.492
111;113;npc_dota_hero_arc_warden;agi;Ranged;['Carry', 'Escape', 'Nuker'];/apps/dota2/images/dota_react/heroes/arc_warden.png?;/apps/dota2/images/dota_react/heroes/icons/arc_warden.png?;120;0.25;75;0;0;25;31;37;20;20;24;2.4;3;2.6;625;900;1.7;100;0.3;285;0.7;True;2;1800;800;Arc Warden;9947;5155;25179;13248;29920;15854;25076;13411;17346;9281;9916;5271;5958;3195;3341;1768;80228;[12736, 12232, 11681, 11671, 11701, 11685, 8522];39851;[6309, 6163, 5759, 5733, 5830, 5877, 4180];87;37;184;140366;[23247, 21269, 20538, 20089, 20100, 20202, 14921];73999;[12324, 11106, 10736, 10577, 10621, 10736, 7899];0.107;0.489;0.855;0.56;0.011;0.465;0.015;0.431;0.013;0.413
112;114;npc_dota_hero_monkey_king;agi;Melee;['Carry', 'Escape', 'Disabler', 'Initiator'];/apps/dota2/images/dota_react/heroes/monkey_king.png?;/apps/dota2/images/dota_react/heroes/icons/monkey_king.png?;120;1;75;0;2;25;29;33;18;24;20;2.8;3.7;1.8;300;900;1.7;100;0.45;300;;True;2;1800;800;Monkey King;16293;7207;41634;18194;59954;25998;65997;29148;55150;24791;36238;16392;23041;10718;15706;7493;189886;[32582, 28141, 27024, 26728, 26398, 27184, 21829];87280;[14998, 12872, 12473, 12273, 12163, 12374, 10127];249;138;478;347645;[59346, 50887, 49804, 49819, 48235, 49351, 40203];155450;[26660, 22617, 22342, 22469, 21634, 22008, 17720];0.554;0.445;0.221;0.486;0.07;0.423;0.112;0.43;0.043;0.391
113;119;npc_dota_hero_dark_willow;all;Ranged;['Support', 'Nuker', 'Disabler', 'Escape'];/apps/dota2/images/dota_react/heroes/dark_willow.png?;/apps/dota2/images/dota_react/heroes/icons/dark_willow.png?;120;0.75;75;0;0;25;5;13;20;18;21;2;1.3;2.6;475;1200;1.5;115;0.3;290;0.7;True;2;1800;800;Dark Willow;12646;5951;31026;14936;41006;19783;42812;20989;34547;17289;23140;11716;14438;7285;9561;4795;145180;[25003, 21445, 20415, 20609, 20222, 21026, 16460];70587;[12105, 10419, 9775, 9989, 9929, 10406, 7964];205;99;178;232438;[39003, 33400, 32986, 32090, 32752, 34141, 28066];114186;[18954, 16521, 16139, 15860, 16068, 16898, 13746];0.022;0.476;0.088;0.507;0.024;0.451;0.449;0.494;0.417;0.486
114;120;npc_dota_hero_pangolier;all;Melee;['Carry', 'Nuker', 'Disabler', 'Durable', 'Escape', 'Initiator'];/apps/dota2/images/dota_react/heroes/pangolier.png?;/apps/dota2/images/dota_react/heroes/icons/pangolier.png?;120;1.25;75;0;2;25;8;14;19;18;16;2.7;2.8;2.2;150;900;1.7;100;0.33;295;0.9;True;2;1800;800;Pangolier;3519;1542;9452;4111;15503;7119;20959;9747;21824;10248;16892;7912;12466;5858;11155;5427;67807;[11574, 9736, 10282, 9052, 9236, 10030, 7897];29396;[5043, 4167, 4470, 3888, 3995, 4381, 3452];265;151;449;122759;[20990, 17435, 17256, 16807, 17044, 17808, 15419];56976;[9581, 8010, 7999, 7740, 8056, 8355, 7235];0.016;0.38;0.487;0.484;0.441;0.482;0.039;0.428;0.017;0.438
115;121;npc_dota_hero_grimstroke;int;Ranged;['Support', 'Nuker', 'Disabler', 'Escape'];/apps/dota2/images/dota_react/heroes/grimstroke.png?;/apps/dota2/images/dota_react/heroes/icons/grimstroke.png?;120;0.25;75;0;0;25;21;25;21;18;25;2.4;1.9;3.8;600;900;1.7;100;0.35;290;;True;0;1800;800;Grimstroke;7322;3558;23909;11578;37934;18450;44412;21529;36269;17562;22103;10383;12229;5728;5021;2355;90691;[16359, 13170, 12630, 12493, 12472, 12951, 10616];44440;[8076, 6483, 6168, 6068, 6072, 6403, 5170];190;72;74;202199;[35232, 28925, 28418, 28018, 28333, 28979, 24294];97461;[16989, 13893, 13708, 13647, 13613, 14003, 11608];0.004;0.377;0.021;0.478;0.01;0.386;0.406;0.489;0.559;0.472
116;123;npc_dota_hero_hoodwink;agi;Ranged;['Support', 'Nuker', 'Escape', 'Disabler'];/apps/dota2/images/dota_react/heroes/hoodwink.png?;/apps/dota2/images/dota_react/heroes/icons/hoodwink.png?;120;0.25;75;0;0;25;22;29;17;24;21;2;3.6;2.9;575;1800;2;100;0.4;310;0.9;True;4;1800;800;Hoodwink;21977;10568;66911;31572;105707;50239;123953;58508;105272;49726;67710;31973;41328;19402;24456;11518;281930;[49368, 42014, 40465, 39509, 39249, 40091, 31234];131584;[23278, 19574, 19037, 18496, 18244, 18524, 14431];567;261;482;594195;[102915, 88371, 85695, 83503, 81684, 83806, 68221];281101;[48956, 42238, 41017, 39659, 38339, 39114, 31778];0.012;0.389;0.044;0.429;0.021;0.419;0.578;0.474;0.345;0.46
117;126;npc_dota_hero_void_spirit;all;Melee;['Carry', 'Escape', 'Nuker', 'Disabler'];/apps/dota2/images/dota_react/heroes/void_spirit.png?;/apps/dota2/images/dota_react/heroes/icons/void_spirit.png?;120;0.25;75;0.6;-1;25;4;8;21;19;24;2.3;2.2;2.5;200;900;1.7;100;0.35;290;0.7;True;2;1800;800;Void Spirit;7108;3535;19394;9825;30150;15402;37595;19560;34778;17860;24479;12712;15674;7882;9388;4679;99569;[16927, 14467, 14073, 13951, 14113, 14527, 11511];49739;[8468, 7263, 7044, 6899, 7016, 7262, 5787];177;71;247;191948;[31610, 26824, 26681, 26649, 27495, 28464, 24225];98129;[16012, 13491, 13593, 13535, 14207, 14730, 12561];0.031;0.503;0.864;0.522;0.062;0.499;0.029;0.451;0.014;0.441
118;128;npc_dota_hero_snapfire;all;Ranged;['Support', 'Nuker', 'Disabler', 'Escape'];/apps/dota2/images/dota_react/heroes/snapfire.png?;/apps/dota2/images/dota_react/heroes/icons/snapfire.png?;120;0.75;75;0;1;25;11;17;21;16;21;3.2;1.2;2.1;400;1800;1.8;100;0.35;300;;True;2;1800;800;Snapfire;8958;4100;28079;12673;48734;22000;60389;27192;52787;23682;33629;15206;19856;8863;10090;4630;134145;[24356, 19834, 18737, 18450, 18219, 19040, 15509];58882;[10626, 8666, 8271, 8161, 8051, 8327, 6780];245;125;177;279136;[50626, 40973, 38955, 38873, 38033, 38892, 32784];126017;[22729, 18417, 17630, 17453, 17211, 17618, 14959];0.019;0.365;0.148;0.405;0.093;0.41;0.443;0.471;0.297;0.466
119;129;npc_dota_hero_mars;str;Melee;['Carry', 'Initiator', 'Disabler', 'Durable'];/apps/dota2/images/dota_react/heroes/mars.png?;/apps/dota2/images/dota_react/heroes/icons/mars.png?;120;0.25;75;0.5;-1;25;26;34;23;20;21;3.7;1.7;2.2;250;900;1.8;100;0.4;310;0.8;True;2;1800;800;Mars;5608;2490;19013;8771;36054;16705;49352;23083;49605;23448;36087;17142;23570;11244;14314;6826;92823;[16372, 13075, 12776, 12571, 13256, 13654, 11119];45276;[7946, 6301, 6291, 6239, 6390, 6646, 5463];303;157;194;247213;[40920, 35081, 34106, 34295, 36195, 36542, 30074];116246;[19225, 16498, 15984, 16113, 16990, 17179, 14257];0.006;0.41;0.051;0.5;0.895;0.466;0.033;0.48;0.014;0.484
120;131;npc_dota_hero_ringmaster;int;Ranged;['Support', 'Nuker', 'Escape', 'Disabler'];/apps/dota2/images/dota_react/heroes/ringmaster.png?;/apps/dota2/images/dota_react/heroes/icons/ringmaster.png?;120;0.25;75;0;1;25;23;33;21;13;25;2.1;1.4;3;575;1200;1.7;100;0.5;310;0.6;False;2;1800;800;Ring Master;3147;1418;8910;4158;14576;6989;17662;8424;15962;7632;11477;5565;7963;3874;5468;2774;38375;[5845, 5824, 6195, 7375, 7196, 5828, 112];17349;[2577, 2612, 2806, 3386, 3232, 2684, 52];11;8;1;90422;[13778, 13959, 14691, 17100, 17008, 13591, 295];43322;[6563, 6639, 7034, 8199, 8176, 6575, 136];0.003;0.335;0.011;0.406;0.009;0.379;0.454;0.486;0.522;0.476
120;135;npc_dota_hero_dawnbreaker;str;Melee;['Carry', 'Durable'];/apps/dota2/images/dota_react/heroes/dawnbreaker.png?;/apps/dota2/images/dota_react/heroes/icons/dawnbreaker.png?;120;0.25;75;0;2;25;29;33;25;14;20;3.4;1.7;2;150;900;1.7;100;0.46;300;0.6;True;2;1800;800;Dawnbreaker;4639;2239;12942;6240;21530;10528;26910;13286;23755;11909;16301;8258;9657;4837;4978;2526;56876;[9927, 8130, 8132, 7730, 7742, 8325, 6890];27466;[4872, 3924, 3916, 3724, 3696, 3981, 3353];119;60;78;134090;[22933, 19272, 18769, 18467, 18699, 19704, 16246];66305;[11332, 9409, 9381, 9254, 9213, 9604, 8112];0.017;0.459;0.069;0.51;0.74;0.488;0.113;0.508;0.061;0.488
121;136;npc_dota_hero_marci;all;Melee;['Support', 'Carry', 'Initiator', 'Disabler', 'Escape'];/apps/dota2/images/dota_react/heroes/marci.png?;/apps/dota2/images/dota_react/heroes/icons/marci.png?;120;0.25;75;0;0;25;7;13;23;20;19;3;1.8;1.5;150;0;1.7;100;0.3;315;0.9;True;2;1800;800;Marci;9650;4494;25249;11906;36372;17761;41715;20727;37810;19041;26382;13358;18860;9621;16330;8406;112145;[19186, 16591, 16115, 15878, 15645, 15997, 12733];52196;[8855, 7734, 7625, 7360, 7215, 7538, 5869];283;148;293;237340;[38783, 34062, 34640, 34142, 33440, 34347, 27926];117213;[19194, 16844, 16987, 16855, 16549, 16960, 13824];0.173;0.52;0.112;0.534;0.185;0.497;0.268;0.484;0.262;0.508
122;137;npc_dota_hero_primal_beast;str;Melee;['Initiator', 'Durable', 'Disabler'];/apps/dota2/images/dota_react/heroes/primal_beast.png?;/apps/dota2/images/dota_react/heroes/icons/primal_beast.png?;120;0.25;75;0;2;25;36;38;26;15;16;4.3;1;1.7;150;900;1.8;100;0.6;310;0.6;True;2;1800;800;Primal Beast;6680;3278;22406;10952;35501;17598;41280;20059;36586;17957;26539;13048;18295;9050;14424;7327;82310;[13521, 11896, 11850, 11546, 11641, 12109, 9747];41429;[6856, 5975, 6028, 5805, 5823, 6031, 4911];330;170;503;218238;[35803, 31011, 31839, 31199, 30294, 31121, 26971];107297;[17890, 15297, 15943, 15399, 14711, 15039, 13018];0.004;0.442;0.231;0.507;0.697;0.477;0.048;0.447;0.02;0.449
123;138;npc_dota_hero_muerta;int;Ranged;['Carry', 'Nuker', 'Disabler'];/apps/dota2/images/dota_react/heroes/muerta.png?;/apps/dota2/images/dota_react/heroes/icons/muerta.png?;120;0.25;75;0;-1;25;24;32;19;20;24;2;2.7;3.3;575;3000;1.7;115;0.35;295;0.7;True;2;1800;800;Muerta;7193;3512;16170;7693;21577;10277;23457;11060;18947;8787;12304;5807;7776;3592;4826;2226;97798;[16871, 14218, 13774, 13527, 13645, 14234, 11529];50950;[8704, 7386, 7203, 7040, 7132, 7410, 6075];74;31;31;125241;[21353, 17522, 16834, 17272, 18260, 18187, 15813];59371;[10087, 8194, 7986, 8058, 8696, 8732, 7618];0.544;0.477;0.163;0.493;0.047;0.451;0.16;0.482;0.086;0.466
125;145;npc_dota_hero_kez;agi;Melee;['Carry', 'Escape', 'Disabler'];/apps/dota2/images/dota_react/heroes/kez.png?;/apps/dota2/images/dota_react/heroes/icons/kez.png?;120;1;75;0;2;25;23;29;19;26;18;2.6;3.5;1.7;225;900;2;100;0.35;320;1;False;2;1800;800;Kez;9029;4396;20089;9669;27417;13419;33263;16526;33329;16758;26680;13590;18913;9660;13584;7034;97259;[14742, 14516, 16144, 18393, 18427, 14749, 288];46532;[6972, 6939, 7715, 8827, 8859, 7081, 139];10;6;11;196729;[29601, 29660, 32029, 36517, 37283, 31009, 630];98123;[14801, 14916, 15889, 18187, 18492, 15502, 336];0.528;0.496;0.308;0.517;0.107;0.501;0.036;0.427;0.022;0.416
